Sample in Buffer,Sample in Window,TRIGGER,g_ila.ila_wrapper_1/data_out_12b_0[0][11:0],g_ila.ila_wrapper_1/data_out_12b_0[1][11:0],g_ila.ila_wrapper_1/data_out_12b_1[0][11:0],g_ila.ila_wrapper_1/data_out_12b_1[1][11:0],g_ila.ila_wrapper_1/data_out_12b_2[0][11:0],g_ila.ila_wrapper_1/data_out_12b_2[1][11:0],g_ila.ila_wrapper_1/data_out_12b_3[0][11:0],g_ila.ila_wrapper_1/data_out_12b_3[1][11:0],g_ila.ila_wrapper_1/data_out_12b_4[0][11:0],g_ila.ila_wrapper_1/data_out_12b_4[1][11:0],g_ila.ila_wrapper_1/data_out_12b_5[0][11:0],g_ila.ila_wrapper_1/data_out_12b_5[1][11:0],g_ila.ila_wrapper_1/data_out_12b_6[0][11:0],g_ila.ila_wrapper_1/data_out_12b_6[1][11:0],g_ila.ila_wrapper_1/data_out_12b_7[0][11:0],g_ila.ila_wrapper_1/data_out_12b_7[1][11:0],g_ila.ila_wrapper_1/rx_sync
Radix - UNSIGNED,UNSIGNED,UNSIGNED,HEX,HEX,HEX,HEX,HEX,HEX,HEX,HEX,HEX,HEX,HEX,HEX,HEX,HEX,HEX,HEX,HEX
0,0,0,468,46a,469,46b,468,46a,469,46b,468,46a,469,46b,468,46a,469,46b,0
1,1,0,46c,46e,46d,46f,46c,46e,46d,46f,46c,46e,46d,46f,46c,46e,46d,46f,0
2,2,0,470,472,471,473,470,472,471,473,470,472,471,473,470,472,471,473,0
3,3,0,474,476,475,477,474,476,475,477,474,476,475,477,474,476,475,477,0
4,4,0,478,47a,479,47b,478,47a,479,47b,478,47a,479,47b,478,47a,479,47b,0
5,5,0,47c,47e,47d,47f,47c,47e,47d,47f,47c,47e,47d,47f,47c,47e,47d,47f,0
6,6,0,480,482,481,483,480,482,481,483,480,482,481,483,480,482,481,483,0
7,7,0,484,486,485,487,484,486,485,487,484,486,485,487,484,486,485,487,0
8,8,0,488,48a,489,48b,488,48a,489,48b,488,48a,489,48b,488,48a,489,48b,0
9,9,0,48c,48e,48d,48f,48c,48e,48d,48f,48c,48e,48d,48f,48c,48e,48d,48f,0
10,10,0,490,492,491,493,490,492,491,493,490,492,491,493,490,492,491,493,0
11,11,0,494,496,495,497,494,496,495,497,494,496,495,497,494,496,495,497,0
12,12,0,498,49a,499,49b,498,49a,499,49b,498,49a,499,49b,498,49a,499,49b,0
13,13,0,49c,49e,49d,49f,49c,49e,49d,49f,49c,49e,49d,49f,49c,49e,49d,49f,0
14,14,0,4a0,4a2,4a1,4a3,4a0,4a2,4a1,4a3,4a0,4a2,4a1,4a3,4a0,4a2,4a1,4a3,0
15,15,0,4a4,4a6,4a5,4a7,4a4,4a6,4a5,4a7,4a4,4a6,4a5,4a7,4a4,4a6,4a5,4a7,0
16,16,0,4a8,4aa,4a9,4ab,4a8,4aa,4a9,4ab,4a8,4aa,4a9,4ab,4a8,4aa,4a9,4ab,0
17,17,0,4ac,4ae,4ad,4af,4ac,4ae,4ad,4af,4ac,4ae,4ad,4af,4ac,4ae,4ad,4af,0
18,18,0,4b0,4b2,4b1,4b3,4b0,4b2,4b1,4b3,4b0,4b2,4b1,4b3,4b0,4b2,4b1,4b3,0
19,19,0,4b4,4b6,4b5,4b7,4b4,4b6,4b5,4b7,4b4,4b6,4b5,4b7,4b4,4b6,4b5,4b7,0
20,20,0,4b8,4ba,4b9,4bb,4b8,4ba,4b9,4bb,4b8,4ba,4b9,4bb,4b8,4ba,4b9,4bb,0
21,21,0,4bc,4be,4bd,4bf,4bc,4be,4bd,4bf,4bc,4be,4bd,4bf,4bc,4be,4bd,4bf,0
22,22,0,4c0,4c2,4c1,4c3,4c0,4c2,4c1,4c3,4c0,4c2,4c1,4c3,4c0,4c2,4c1,4c3,0
23,23,0,4c4,4c6,4c5,4c7,4c4,4c6,4c5,4c7,4c4,4c6,4c5,4c7,4c4,4c6,4c5,4c7,0
24,24,0,4c8,4ca,4c9,4cb,4c8,4ca,4c9,4cb,4c8,4ca,4c9,4cb,4c8,4ca,4c9,4cb,0
25,25,0,4cc,4ce,4cd,4cf,4cc,4ce,4cd,4cf,4cc,4ce,4cd,4cf,4cc,4ce,4cd,4cf,0
26,26,0,4d0,4d2,4d1,4d3,4d0,4d2,4d1,4d3,4d0,4d2,4d1,4d3,4d0,4d2,4d1,4d3,0
27,27,0,4d4,4d6,4d5,4d7,4d4,4d6,4d5,4d7,4d4,4d6,4d5,4d7,4d4,4d6,4d5,4d7,0
28,28,0,4d8,4da,4d9,4db,4d8,4da,4d9,4db,4d8,4da,4d9,4db,4d8,4da,4d9,4db,0
29,29,0,4dc,4de,4dd,4df,4dc,4de,4dd,4df,4dc,4de,4dd,4df,4dc,4de,4dd,4df,0
30,30,0,4e0,4e2,4e1,4e3,4e0,4e2,4e1,4e3,4e0,4e2,4e1,4e3,4e0,4e2,4e1,4e3,0
31,31,0,4e4,4e6,4e5,4e7,4e4,4e6,4e5,4e7,4e4,4e6,4e5,4e7,4e4,4e6,4e5,4e7,0
32,32,0,4e8,4ea,4e9,4eb,4e8,4ea,4e9,4eb,4e8,4ea,4e9,4eb,4e8,4ea,4e9,4eb,0
33,33,0,4ec,4ee,4ed,4ef,4ec,4ee,4ed,4ef,4ec,4ee,4ed,4ef,4ec,4ee,4ed,4ef,0
34,34,0,4f0,4f2,4f1,4f3,4f0,4f2,4f1,4f3,4f0,4f2,4f1,4f3,4f0,4f2,4f1,4f3,0
35,35,0,4f4,4f6,4f5,4f7,4f4,4f6,4f5,4f7,4f4,4f6,4f5,4f7,4f4,4f6,4f5,4f7,0
36,36,0,4f8,4fa,4f9,4fb,4f8,4fa,4f9,4fb,4f8,4fa,4f9,4fb,4f8,4fa,4f9,4fb,0
37,37,0,4fc,4fe,4fd,4ff,4fc,4fe,4fd,4ff,4fc,4fe,4fd,4ff,4fc,4fe,4fd,4ff,0
38,38,0,500,502,501,503,500,502,501,503,500,502,501,503,500,502,501,503,0
39,39,0,504,506,505,507,504,506,505,507,504,506,505,507,504,506,505,507,0
40,40,0,508,50a,509,50b,508,50a,509,50b,508,50a,509,50b,508,50a,509,50b,0
41,41,0,50c,50e,50d,50f,50c,50e,50d,50f,50c,50e,50d,50f,50c,50e,50d,50f,0
42,42,0,510,512,511,513,510,512,511,513,510,512,511,513,510,512,511,513,0
43,43,0,514,516,515,517,514,516,515,517,514,516,515,517,514,516,515,517,0
44,44,0,518,51a,519,51b,518,51a,519,51b,518,51a,519,51b,518,51a,519,51b,0
45,45,0,51c,51e,51d,51f,51c,51e,51d,51f,51c,51e,51d,51f,51c,51e,51d,51f,0
46,46,0,520,522,521,523,520,522,521,523,520,522,521,523,520,522,521,523,0
47,47,0,524,526,525,527,524,526,525,527,524,526,525,527,524,526,525,527,0
48,48,0,528,52a,529,52b,528,52a,529,52b,528,52a,529,52b,528,52a,529,52b,0
49,49,0,52c,52e,52d,52f,52c,52e,52d,52f,52c,52e,52d,52f,52c,52e,52d,52f,0
50,50,0,530,532,531,533,530,532,531,533,530,532,531,533,530,532,531,533,0
51,51,0,534,536,535,537,534,536,535,537,534,536,535,537,534,536,535,537,0
52,52,0,538,53a,539,53b,538,53a,539,53b,538,53a,539,53b,538,53a,539,53b,0
53,53,0,53c,53e,53d,53f,53c,53e,53d,53f,53c,53e,53d,53f,53c,53e,53d,53f,0
54,54,0,540,542,541,543,540,542,541,543,540,542,541,543,540,542,541,543,0
55,55,0,544,546,545,547,544,546,545,547,544,546,545,547,544,546,545,547,0
56,56,0,548,54a,549,54b,548,54a,549,54b,548,54a,549,54b,548,54a,549,54b,0
57,57,0,54c,54e,54d,54f,54c,54e,54d,54f,54c,54e,54d,54f,54c,54e,54d,54f,0
58,58,0,550,552,551,553,550,552,551,553,550,552,551,553,550,552,551,553,0
59,59,0,554,556,555,557,554,556,555,557,554,556,555,557,554,556,555,557,0
60,60,0,558,55a,559,55b,558,55a,559,55b,558,55a,559,55b,558,55a,559,55b,0
61,61,0,55c,55e,55d,55f,55c,55e,55d,55f,55c,55e,55d,55f,55c,55e,55d,55f,0
62,62,0,560,562,561,563,560,562,561,563,560,562,561,563,560,562,561,563,0
63,63,0,564,566,565,567,564,566,565,567,564,566,565,567,564,566,565,567,0
64,64,0,568,56a,569,56b,568,56a,569,56b,568,56a,569,56b,568,56a,569,56b,0
65,65,0,56c,56e,56d,56f,56c,56e,56d,56f,56c,56e,56d,56f,56c,56e,56d,56f,0
66,66,0,570,572,571,573,570,572,571,573,570,572,571,573,570,572,571,573,0
67,67,0,574,576,575,577,574,576,575,577,574,576,575,577,574,576,575,577,0
68,68,0,578,57a,579,57b,578,57a,579,57b,578,57a,579,57b,578,57a,579,57b,0
69,69,0,57c,57e,57d,57f,57c,57e,57d,57f,57c,57e,57d,57f,57c,57e,57d,57f,0
70,70,0,580,582,581,583,580,582,581,583,580,582,581,583,580,582,581,583,0
71,71,0,584,586,585,587,584,586,585,587,584,586,585,587,584,586,585,587,0
72,72,0,588,58a,589,58b,588,58a,589,58b,588,58a,589,58b,588,58a,589,58b,0
73,73,0,58c,58e,58d,58f,58c,58e,58d,58f,58c,58e,58d,58f,58c,58e,58d,58f,0
74,74,0,590,592,591,593,590,592,591,593,590,592,591,593,590,592,591,593,0
75,75,0,594,596,595,597,594,596,595,597,594,596,595,597,594,596,595,597,0
76,76,0,598,59a,599,59b,598,59a,599,59b,598,59a,599,59b,598,59a,599,59b,0
77,77,0,59c,59e,59d,59f,59c,59e,59d,59f,59c,59e,59d,59f,59c,59e,59d,59f,0
78,78,0,5a0,5a2,5a1,5a3,5a0,5a2,5a1,5a3,5a0,5a2,5a1,5a3,5a0,5a2,5a1,5a3,0
79,79,0,5a4,5a6,5a5,5a7,5a4,5a6,5a5,5a7,5a4,5a6,5a5,5a7,5a4,5a6,5a5,5a7,0
80,80,0,5a8,5aa,5a9,5ab,5a8,5aa,5a9,5ab,5a8,5aa,5a9,5ab,5a8,5aa,5a9,5ab,0
81,81,0,5ac,5ae,5ad,5af,5ac,5ae,5ad,5af,5ac,5ae,5ad,5af,5ac,5ae,5ad,5af,0
82,82,0,5b0,5b2,5b1,5b3,5b0,5b2,5b1,5b3,5b0,5b2,5b1,5b3,5b0,5b2,5b1,5b3,0
83,83,0,5b4,5b6,5b5,5b7,5b4,5b6,5b5,5b7,5b4,5b6,5b5,5b7,5b4,5b6,5b5,5b7,0
84,84,0,5b8,5ba,5b9,5bb,5b8,5ba,5b9,5bb,5b8,5ba,5b9,5bb,5b8,5ba,5b9,5bb,0
85,85,0,5bc,5be,5bd,5bf,5bc,5be,5bd,5bf,5bc,5be,5bd,5bf,5bc,5be,5bd,5bf,0
86,86,0,5c0,5c2,5c1,5c3,5c0,5c2,5c1,5c3,5c0,5c2,5c1,5c3,5c0,5c2,5c1,5c3,0
87,87,0,5c4,5c6,5c5,5c7,5c4,5c6,5c5,5c7,5c4,5c6,5c5,5c7,5c4,5c6,5c5,5c7,0
88,88,0,5c8,5ca,5c9,5cb,5c8,5ca,5c9,5cb,5c8,5ca,5c9,5cb,5c8,5ca,5c9,5cb,0
89,89,0,5cc,5ce,5cd,5cf,5cc,5ce,5cd,5cf,5cc,5ce,5cd,5cf,5cc,5ce,5cd,5cf,0
90,90,0,5d0,5d2,5d1,5d3,5d0,5d2,5d1,5d3,5d0,5d2,5d1,5d3,5d0,5d2,5d1,5d3,0
91,91,0,5d4,5d6,5d5,5d7,5d4,5d6,5d5,5d7,5d4,5d6,5d5,5d7,5d4,5d6,5d5,5d7,0
92,92,0,5d8,5da,5d9,5db,5d8,5da,5d9,5db,5d8,5da,5d9,5db,5d8,5da,5d9,5db,0
93,93,0,5dc,5de,5dd,5df,5dc,5de,5dd,5df,5dc,5de,5dd,5df,5dc,5de,5dd,5df,0
94,94,0,5e0,5e2,5e1,5e3,5e0,5e2,5e1,5e3,5e0,5e2,5e1,5e3,5e0,5e2,5e1,5e3,0
95,95,0,5e4,5e6,5e5,5e7,5e4,5e6,5e5,5e7,5e4,5e6,5e5,5e7,5e4,5e6,5e5,5e7,0
96,96,0,5e8,5ea,5e9,5eb,5e8,5ea,5e9,5eb,5e8,5ea,5e9,5eb,5e8,5ea,5e9,5eb,0
97,97,0,5ec,5ee,5ed,5ef,5ec,5ee,5ed,5ef,5ec,5ee,5ed,5ef,5ec,5ee,5ed,5ef,0
98,98,0,5f0,5f2,5f1,5f3,5f0,5f2,5f1,5f3,5f0,5f2,5f1,5f3,5f0,5f2,5f1,5f3,0
99,99,0,5f4,5f6,5f5,5f7,5f4,5f6,5f5,5f7,5f4,5f6,5f5,5f7,5f4,5f6,5f5,5f7,0
100,100,0,5f8,5fa,5f9,5fb,5f8,5fa,5f9,5fb,5f8,5fa,5f9,5fb,5f8,5fa,5f9,5fb,0
101,101,0,5fc,5fe,5fd,5ff,5fc,5fe,5fd,5ff,5fc,5fe,5fd,5ff,5fc,5fe,5fd,5ff,0
102,102,0,600,602,601,603,600,602,601,603,600,602,601,603,600,602,601,603,0
103,103,0,604,606,605,607,604,606,605,607,604,606,605,607,604,606,605,607,0
104,104,0,608,60a,609,60b,608,60a,609,60b,608,60a,609,60b,608,60a,609,60b,0
105,105,0,60c,60e,60d,60f,60c,60e,60d,60f,60c,60e,60d,60f,60c,60e,60d,60f,0
106,106,0,610,612,611,613,610,612,611,613,610,612,611,613,610,612,611,613,0
107,107,0,614,616,615,617,614,616,615,617,614,616,615,617,614,616,615,617,0
108,108,0,618,61a,619,61b,618,61a,619,61b,618,61a,619,61b,618,61a,619,61b,0
109,109,0,61c,61e,61d,61f,61c,61e,61d,61f,61c,61e,61d,61f,61c,61e,61d,61f,0
110,110,0,620,622,621,623,620,622,621,623,620,622,621,623,620,622,621,623,0
111,111,0,624,626,625,627,624,626,625,627,624,626,625,627,624,626,625,627,0
112,112,0,628,62a,629,62b,628,62a,629,62b,628,62a,629,62b,628,62a,629,62b,0
113,113,0,62c,62e,62d,62f,62c,62e,62d,62f,62c,62e,62d,62f,62c,62e,62d,62f,0
114,114,0,630,632,631,633,630,632,631,633,630,632,631,633,630,632,631,633,0
115,115,0,634,636,635,637,634,636,635,637,634,636,635,637,634,636,635,637,0
116,116,0,638,63a,639,63b,638,63a,639,63b,638,63a,639,63b,638,63a,639,63b,0
117,117,0,63c,63e,63d,63f,63c,63e,63d,63f,63c,63e,63d,63f,63c,63e,63d,63f,0
118,118,0,640,642,641,643,640,642,641,643,640,642,641,643,640,642,641,643,0
119,119,0,644,646,645,647,644,646,645,647,644,646,645,647,644,646,645,647,0
120,120,0,648,64a,649,64b,648,64a,649,64b,648,64a,649,64b,648,64a,649,64b,0
121,121,0,64c,64e,64d,64f,64c,64e,64d,64f,64c,64e,64d,64f,64c,64e,64d,64f,0
122,122,0,650,652,651,653,650,652,651,653,650,652,651,653,650,652,651,653,0
123,123,0,654,656,655,657,654,656,655,657,654,656,655,657,654,656,655,657,0
124,124,0,658,65a,659,65b,658,65a,659,65b,658,65a,659,65b,658,65a,659,65b,0
125,125,0,65c,65e,65d,65f,65c,65e,65d,65f,65c,65e,65d,65f,65c,65e,65d,65f,0
126,126,0,660,662,661,663,660,662,661,663,660,662,661,663,660,662,661,663,0
127,127,0,664,666,665,667,664,666,665,667,664,666,665,667,664,666,665,667,0
128,128,0,668,66a,669,66b,668,66a,669,66b,668,66a,669,66b,668,66a,669,66b,0
129,129,0,66c,66e,66d,66f,66c,66e,66d,66f,66c,66e,66d,66f,66c,66e,66d,66f,0
130,130,0,670,672,671,673,670,672,671,673,670,672,671,673,670,672,671,673,0
131,131,0,674,676,675,677,674,676,675,677,674,676,675,677,674,676,675,677,0
132,132,0,678,67a,679,67b,678,67a,679,67b,678,67a,679,67b,678,67a,679,67b,0
133,133,0,67c,67e,67d,67f,67c,67e,67d,67f,67c,67e,67d,67f,67c,67e,67d,67f,0
134,134,0,680,682,681,683,680,682,681,683,680,682,681,683,680,682,681,683,0
135,135,0,684,686,685,687,684,686,685,687,684,686,685,687,684,686,685,687,0
136,136,0,688,68a,689,68b,688,68a,689,68b,688,68a,689,68b,688,68a,689,68b,0
137,137,0,68c,68e,68d,68f,68c,68e,68d,68f,68c,68e,68d,68f,68c,68e,68d,68f,0
138,138,0,690,692,691,693,690,692,691,693,690,692,691,693,690,692,691,693,0
139,139,0,694,696,695,697,694,696,695,697,694,696,695,697,694,696,695,697,0
140,140,0,698,69a,699,69b,698,69a,699,69b,698,69a,699,69b,698,69a,699,69b,0
141,141,0,69c,69e,69d,69f,69c,69e,69d,69f,69c,69e,69d,69f,69c,69e,69d,69f,0
142,142,0,6a0,6a2,6a1,6a3,6a0,6a2,6a1,6a3,6a0,6a2,6a1,6a3,6a0,6a2,6a1,6a3,0
143,143,0,6a4,6a6,6a5,6a7,6a4,6a6,6a5,6a7,6a4,6a6,6a5,6a7,6a4,6a6,6a5,6a7,0
144,144,0,6a8,6aa,6a9,6ab,6a8,6aa,6a9,6ab,6a8,6aa,6a9,6ab,6a8,6aa,6a9,6ab,0
145,145,0,6ac,6ae,6ad,6af,6ac,6ae,6ad,6af,6ac,6ae,6ad,6af,6ac,6ae,6ad,6af,0
146,146,0,6b0,6b2,6b1,6b3,6b0,6b2,6b1,6b3,6b0,6b2,6b1,6b3,6b0,6b2,6b1,6b3,0
147,147,0,6b4,6b6,6b5,6b7,6b4,6b6,6b5,6b7,6b4,6b6,6b5,6b7,6b4,6b6,6b5,6b7,0
148,148,0,6b8,6ba,6b9,6bb,6b8,6ba,6b9,6bb,6b8,6ba,6b9,6bb,6b8,6ba,6b9,6bb,0
149,149,0,6bc,6be,6bd,6bf,6bc,6be,6bd,6bf,6bc,6be,6bd,6bf,6bc,6be,6bd,6bf,0
150,150,0,6c0,6c2,6c1,6c3,6c0,6c2,6c1,6c3,6c0,6c2,6c1,6c3,6c0,6c2,6c1,6c3,0
151,151,0,6c4,6c6,6c5,6c7,6c4,6c6,6c5,6c7,6c4,6c6,6c5,6c7,6c4,6c6,6c5,6c7,0
152,152,0,6c8,6ca,6c9,6cb,6c8,6ca,6c9,6cb,6c8,6ca,6c9,6cb,6c8,6ca,6c9,6cb,0
153,153,0,6cc,6ce,6cd,6cf,6cc,6ce,6cd,6cf,6cc,6ce,6cd,6cf,6cc,6ce,6cd,6cf,0
154,154,0,6d0,6d2,6d1,6d3,6d0,6d2,6d1,6d3,6d0,6d2,6d1,6d3,6d0,6d2,6d1,6d3,0
155,155,0,6d4,6d6,6d5,6d7,6d4,6d6,6d5,6d7,6d4,6d6,6d5,6d7,6d4,6d6,6d5,6d7,0
156,156,0,6d8,6da,6d9,6db,6d8,6da,6d9,6db,6d8,6da,6d9,6db,6d8,6da,6d9,6db,0
157,157,0,6dc,6de,6dd,6df,6dc,6de,6dd,6df,6dc,6de,6dd,6df,6dc,6de,6dd,6df,0
158,158,0,6e0,6e2,6e1,6e3,6e0,6e2,6e1,6e3,6e0,6e2,6e1,6e3,6e0,6e2,6e1,6e3,0
159,159,0,6e4,6e6,6e5,6e7,6e4,6e6,6e5,6e7,6e4,6e6,6e5,6e7,6e4,6e6,6e5,6e7,0
160,160,0,6e8,6ea,6e9,6eb,6e8,6ea,6e9,6eb,6e8,6ea,6e9,6eb,6e8,6ea,6e9,6eb,0
161,161,0,6ec,6ee,6ed,6ef,6ec,6ee,6ed,6ef,6ec,6ee,6ed,6ef,6ec,6ee,6ed,6ef,0
162,162,0,6f0,6f2,6f1,6f3,6f0,6f2,6f1,6f3,6f0,6f2,6f1,6f3,6f0,6f2,6f1,6f3,0
163,163,0,6f4,6f6,6f5,6f7,6f4,6f6,6f5,6f7,6f4,6f6,6f5,6f7,6f4,6f6,6f5,6f7,0
164,164,0,6f8,6fa,6f9,6fb,6f8,6fa,6f9,6fb,6f8,6fa,6f9,6fb,6f8,6fa,6f9,6fb,0
165,165,0,6fc,6fe,6fd,6ff,6fc,6fe,6fd,6ff,6fc,6fe,6fd,6ff,6fc,6fe,6fd,6ff,0
166,166,0,700,702,701,703,700,702,701,703,700,702,701,703,700,702,701,703,0
167,167,0,704,706,705,707,704,706,705,707,704,706,705,707,704,706,705,707,0
168,168,0,708,70a,709,70b,708,70a,709,70b,708,70a,709,70b,708,70a,709,70b,0
169,169,0,70c,70e,70d,70f,70c,70e,70d,70f,70c,70e,70d,70f,70c,70e,70d,70f,0
170,170,0,710,712,711,713,710,712,711,713,710,712,711,713,710,712,711,713,0
171,171,0,714,716,715,717,714,716,715,717,714,716,715,717,714,716,715,717,0
172,172,0,718,71a,719,71b,718,71a,719,71b,718,71a,719,71b,718,71a,719,71b,0
173,173,0,71c,71e,71d,71f,71c,71e,71d,71f,71c,71e,71d,71f,71c,71e,71d,71f,0
174,174,0,720,722,721,723,720,722,721,723,720,722,721,723,720,722,721,723,0
175,175,0,724,726,725,727,724,726,725,727,724,726,725,727,724,726,725,727,0
176,176,0,728,72a,729,72b,728,72a,729,72b,728,72a,729,72b,728,72a,729,72b,0
177,177,0,72c,72e,72d,72f,72c,72e,72d,72f,72c,72e,72d,72f,72c,72e,72d,72f,0
178,178,0,730,732,731,733,730,732,731,733,730,732,731,733,730,732,731,733,0
179,179,0,734,736,735,737,734,736,735,737,734,736,735,737,734,736,735,737,0
180,180,0,738,73a,739,73b,738,73a,739,73b,738,73a,739,73b,738,73a,739,73b,0
181,181,0,73c,73e,73d,73f,73c,73e,73d,73f,73c,73e,73d,73f,73c,73e,73d,73f,0
182,182,0,740,742,741,743,740,742,741,743,740,742,741,743,740,742,741,743,0
183,183,0,744,746,745,747,744,746,745,747,744,746,745,747,744,746,745,747,0
184,184,0,748,74a,749,74b,748,74a,749,74b,748,74a,749,74b,748,74a,749,74b,0
185,185,0,74c,74e,74d,74f,74c,74e,74d,74f,74c,74e,74d,74f,74c,74e,74d,74f,0
186,186,0,750,752,751,753,750,752,751,753,750,752,751,753,750,752,751,753,0
187,187,0,754,756,755,757,754,756,755,757,754,756,755,757,754,756,755,757,0
188,188,0,758,75a,759,75b,758,75a,759,75b,758,75a,759,75b,758,75a,759,75b,0
189,189,0,75c,75e,75d,75f,75c,75e,75d,75f,75c,75e,75d,75f,75c,75e,75d,75f,0
190,190,0,760,762,761,763,760,762,761,763,760,762,761,763,760,762,761,763,0
191,191,0,764,766,765,767,764,766,765,767,764,766,765,767,764,766,765,767,0
192,192,0,768,76a,769,76b,768,76a,769,76b,768,76a,769,76b,768,76a,769,76b,0
193,193,0,76c,76e,76d,76f,76c,76e,76d,76f,76c,76e,76d,76f,76c,76e,76d,76f,0
194,194,0,770,772,771,773,770,772,771,773,770,772,771,773,770,772,771,773,0
195,195,0,774,776,775,777,774,776,775,777,774,776,775,777,774,776,775,777,0
196,196,0,778,77a,779,77b,778,77a,779,77b,778,77a,779,77b,778,77a,779,77b,0
197,197,0,77c,77e,77d,77f,77c,77e,77d,77f,77c,77e,77d,77f,77c,77e,77d,77f,0
198,198,0,780,782,781,783,780,782,781,783,780,782,781,783,780,782,781,783,0
199,199,0,784,786,785,787,784,786,785,787,784,786,785,787,784,786,785,787,0
200,200,0,788,78a,789,78b,788,78a,789,78b,788,78a,789,78b,788,78a,789,78b,0
201,201,0,78c,78e,78d,78f,78c,78e,78d,78f,78c,78e,78d,78f,78c,78e,78d,78f,0
202,202,0,790,792,791,793,790,792,791,793,790,792,791,793,790,792,791,793,0
203,203,0,794,796,795,797,794,796,795,797,794,796,795,797,794,796,795,797,0
204,204,0,798,79a,799,79b,798,79a,799,79b,798,79a,799,79b,798,79a,799,79b,0
205,205,0,79c,79e,79d,79f,79c,79e,79d,79f,79c,79e,79d,79f,79c,79e,79d,79f,0
206,206,0,7a0,7a2,7a1,7a3,7a0,7a2,7a1,7a3,7a0,7a2,7a1,7a3,7a0,7a2,7a1,7a3,0
207,207,0,7a4,7a6,7a5,7a7,7a4,7a6,7a5,7a7,7a4,7a6,7a5,7a7,7a4,7a6,7a5,7a7,0
208,208,0,7a8,7aa,7a9,7ab,7a8,7aa,7a9,7ab,7a8,7aa,7a9,7ab,7a8,7aa,7a9,7ab,0
209,209,0,7ac,7ae,7ad,7af,7ac,7ae,7ad,7af,7ac,7ae,7ad,7af,7ac,7ae,7ad,7af,0
210,210,0,7b0,7b2,7b1,7b3,7b0,7b2,7b1,7b3,7b0,7b2,7b1,7b3,7b0,7b2,7b1,7b3,0
211,211,0,7b4,7b6,7b5,7b7,7b4,7b6,7b5,7b7,7b4,7b6,7b5,7b7,7b4,7b6,7b5,7b7,0
212,212,0,7b8,7ba,7b9,7bb,7b8,7ba,7b9,7bb,7b8,7ba,7b9,7bb,7b8,7ba,7b9,7bb,0
213,213,0,7bc,7be,7bd,7bf,7bc,7be,7bd,7bf,7bc,7be,7bd,7bf,7bc,7be,7bd,7bf,0
214,214,0,7c0,7c2,7c1,7c3,7c0,7c2,7c1,7c3,7c0,7c2,7c1,7c3,7c0,7c2,7c1,7c3,0
215,215,0,7c4,7c6,7c5,7c7,7c4,7c6,7c5,7c7,7c4,7c6,7c5,7c7,7c4,7c6,7c5,7c7,0
216,216,0,7c8,7ca,7c9,7cb,7c8,7ca,7c9,7cb,7c8,7ca,7c9,7cb,7c8,7ca,7c9,7cb,0
217,217,0,7cc,7ce,7cd,7cf,7cc,7ce,7cd,7cf,7cc,7ce,7cd,7cf,7cc,7ce,7cd,7cf,0
218,218,0,7d0,7d2,7d1,7d3,7d0,7d2,7d1,7d3,7d0,7d2,7d1,7d3,7d0,7d2,7d1,7d3,0
219,219,0,7d4,7d6,7d5,7d7,7d4,7d6,7d5,7d7,7d4,7d6,7d5,7d7,7d4,7d6,7d5,7d7,0
220,220,0,7d8,7da,7d9,7db,7d8,7da,7d9,7db,7d8,7da,7d9,7db,7d8,7da,7d9,7db,0
221,221,0,7dc,7de,7dd,7df,7dc,7de,7dd,7df,7dc,7de,7dd,7df,7dc,7de,7dd,7df,0
222,222,0,7e0,7e2,7e1,7e3,7e0,7e2,7e1,7e3,7e0,7e2,7e1,7e3,7e0,7e2,7e1,7e3,0
223,223,0,7e4,7e6,7e5,7e7,7e4,7e6,7e5,7e7,7e4,7e6,7e5,7e7,7e4,7e6,7e5,7e7,0
224,224,0,7e8,7ea,7e9,7eb,7e8,7ea,7e9,7eb,7e8,7ea,7e9,7eb,7e8,7ea,7e9,7eb,0
225,225,0,7ec,7ee,7ed,7ef,7ec,7ee,7ed,7ef,7ec,7ee,7ed,7ef,7ec,7ee,7ed,7ef,0
226,226,0,7f0,7f2,7f1,7f3,7f0,7f2,7f1,7f3,7f0,7f2,7f1,7f3,7f0,7f2,7f1,7f3,0
227,227,0,7f4,7f6,7f5,7f7,7f4,7f6,7f5,7f7,7f4,7f6,7f5,7f7,7f4,7f6,7f5,7f7,0
228,228,0,7f8,7fa,7f9,7fb,7f8,7fa,7f9,7fb,7f8,7fa,7f9,7fb,7f8,7fa,7f9,7fb,0
229,229,0,7fc,7fe,7fd,7ff,7fc,7fe,7fd,7ff,7fc,7fe,7fd,7ff,7fc,7fe,7fd,7ff,0
230,230,0,800,802,801,803,800,802,801,803,800,802,801,803,800,802,801,803,0
231,231,0,804,806,805,807,804,806,805,807,804,806,805,807,804,806,805,807,0
232,232,0,808,80a,809,80b,808,80a,809,80b,808,80a,809,80b,808,80a,809,80b,0
233,233,0,80c,80e,80d,80f,80c,80e,80d,80f,80c,80e,80d,80f,80c,80e,80d,80f,0
234,234,0,810,812,811,813,810,812,811,813,810,812,811,813,810,812,811,813,0
235,235,0,814,816,815,817,814,816,815,817,814,816,815,817,814,816,815,817,0
236,236,0,818,81a,819,81b,818,81a,819,81b,818,81a,819,81b,818,81a,819,81b,0
237,237,0,81c,81e,81d,81f,81c,81e,81d,81f,81c,81e,81d,81f,81c,81e,81d,81f,0
238,238,0,820,822,821,823,820,822,821,823,820,822,821,823,820,822,821,823,0
239,239,0,824,826,825,827,824,826,825,827,824,826,825,827,824,826,825,827,0
240,240,0,828,82a,829,82b,828,82a,829,82b,828,82a,829,82b,828,82a,829,82b,0
241,241,0,82c,82e,82d,82f,82c,82e,82d,82f,82c,82e,82d,82f,82c,82e,82d,82f,0
242,242,0,830,832,831,833,830,832,831,833,830,832,831,833,830,832,831,833,0
243,243,0,834,836,835,837,834,836,835,837,834,836,835,837,834,836,835,837,0
244,244,0,838,83a,839,83b,838,83a,839,83b,838,83a,839,83b,838,83a,839,83b,0
245,245,0,83c,83e,83d,83f,83c,83e,83d,83f,83c,83e,83d,83f,83c,83e,83d,83f,0
246,246,0,840,842,841,843,840,842,841,843,840,842,841,843,840,842,841,843,0
247,247,0,844,846,845,847,844,846,845,847,844,846,845,847,844,846,845,847,0
248,248,0,848,84a,849,84b,848,84a,849,84b,848,84a,849,84b,848,84a,849,84b,0
249,249,0,84c,84e,84d,84f,84c,84e,84d,84f,84c,84e,84d,84f,84c,84e,84d,84f,0
250,250,0,850,852,851,853,850,852,851,853,850,852,851,853,850,852,851,853,0
251,251,0,854,856,855,857,854,856,855,857,854,856,855,857,854,856,855,857,0
252,252,0,858,85a,859,85b,858,85a,859,85b,858,85a,859,85b,858,85a,859,85b,0
253,253,0,85c,85e,85d,85f,85c,85e,85d,85f,85c,85e,85d,85f,85c,85e,85d,85f,0
254,254,0,860,862,861,863,860,862,861,863,860,862,861,863,860,862,861,863,0
255,255,0,864,866,865,867,864,866,865,867,864,866,865,867,864,866,865,867,0
256,256,0,868,86a,869,86b,868,86a,869,86b,868,86a,869,86b,868,86a,869,86b,0
257,257,0,86c,86e,86d,86f,86c,86e,86d,86f,86c,86e,86d,86f,86c,86e,86d,86f,0
258,258,0,870,872,871,873,870,872,871,873,870,872,871,873,870,872,871,873,0
259,259,0,874,876,875,877,874,876,875,877,874,876,875,877,874,876,875,877,0
260,260,0,878,87a,879,87b,878,87a,879,87b,878,87a,879,87b,878,87a,879,87b,0
261,261,0,87c,87e,87d,87f,87c,87e,87d,87f,87c,87e,87d,87f,87c,87e,87d,87f,0
262,262,0,880,882,881,883,880,882,881,883,880,882,881,883,880,882,881,883,0
263,263,0,884,886,885,887,884,886,885,887,884,886,885,887,884,886,885,887,0
264,264,0,888,88a,889,88b,888,88a,889,88b,888,88a,889,88b,888,88a,889,88b,0
265,265,0,88c,88e,88d,88f,88c,88e,88d,88f,88c,88e,88d,88f,88c,88e,88d,88f,0
266,266,0,890,892,891,893,890,892,891,893,890,892,891,893,890,892,891,893,0
267,267,0,894,896,895,897,894,896,895,897,894,896,895,897,894,896,895,897,0
268,268,0,898,89a,899,89b,898,89a,899,89b,898,89a,899,89b,898,89a,899,89b,0
269,269,0,89c,89e,89d,89f,89c,89e,89d,89f,89c,89e,89d,89f,89c,89e,89d,89f,0
270,270,0,8a0,8a2,8a1,8a3,8a0,8a2,8a1,8a3,8a0,8a2,8a1,8a3,8a0,8a2,8a1,8a3,0
271,271,0,8a4,8a6,8a5,8a7,8a4,8a6,8a5,8a7,8a4,8a6,8a5,8a7,8a4,8a6,8a5,8a7,0
272,272,0,8a8,8aa,8a9,8ab,8a8,8aa,8a9,8ab,8a8,8aa,8a9,8ab,8a8,8aa,8a9,8ab,0
273,273,0,8ac,8ae,8ad,8af,8ac,8ae,8ad,8af,8ac,8ae,8ad,8af,8ac,8ae,8ad,8af,0
274,274,0,8b0,8b2,8b1,8b3,8b0,8b2,8b1,8b3,8b0,8b2,8b1,8b3,8b0,8b2,8b1,8b3,0
275,275,0,8b4,8b6,8b5,8b7,8b4,8b6,8b5,8b7,8b4,8b6,8b5,8b7,8b4,8b6,8b5,8b7,0
276,276,0,8b8,8ba,8b9,8bb,8b8,8ba,8b9,8bb,8b8,8ba,8b9,8bb,8b8,8ba,8b9,8bb,0
277,277,0,8bc,8be,8bd,8bf,8bc,8be,8bd,8bf,8bc,8be,8bd,8bf,8bc,8be,8bd,8bf,0
278,278,0,8c0,8c2,8c1,8c3,8c0,8c2,8c1,8c3,8c0,8c2,8c1,8c3,8c0,8c2,8c1,8c3,0
279,279,0,8c4,8c6,8c5,8c7,8c4,8c6,8c5,8c7,8c4,8c6,8c5,8c7,8c4,8c6,8c5,8c7,0
280,280,0,8c8,8ca,8c9,8cb,8c8,8ca,8c9,8cb,8c8,8ca,8c9,8cb,8c8,8ca,8c9,8cb,0
281,281,0,8cc,8ce,8cd,8cf,8cc,8ce,8cd,8cf,8cc,8ce,8cd,8cf,8cc,8ce,8cd,8cf,0
282,282,0,8d0,8d2,8d1,8d3,8d0,8d2,8d1,8d3,8d0,8d2,8d1,8d3,8d0,8d2,8d1,8d3,0
283,283,0,8d4,8d6,8d5,8d7,8d4,8d6,8d5,8d7,8d4,8d6,8d5,8d7,8d4,8d6,8d5,8d7,0
284,284,0,8d8,8da,8d9,8db,8d8,8da,8d9,8db,8d8,8da,8d9,8db,8d8,8da,8d9,8db,0
285,285,0,8dc,8de,8dd,8df,8dc,8de,8dd,8df,8dc,8de,8dd,8df,8dc,8de,8dd,8df,0
286,286,0,8e0,8e2,8e1,8e3,8e0,8e2,8e1,8e3,8e0,8e2,8e1,8e3,8e0,8e2,8e1,8e3,0
287,287,0,8e4,8e6,8e5,8e7,8e4,8e6,8e5,8e7,8e4,8e6,8e5,8e7,8e4,8e6,8e5,8e7,0
288,288,0,8e8,8ea,8e9,8eb,8e8,8ea,8e9,8eb,8e8,8ea,8e9,8eb,8e8,8ea,8e9,8eb,0
289,289,0,8ec,8ee,8ed,8ef,8ec,8ee,8ed,8ef,8ec,8ee,8ed,8ef,8ec,8ee,8ed,8ef,0
290,290,0,8f0,8f2,8f1,8f3,8f0,8f2,8f1,8f3,8f0,8f2,8f1,8f3,8f0,8f2,8f1,8f3,0
291,291,0,8f4,8f6,8f5,8f7,8f4,8f6,8f5,8f7,8f4,8f6,8f5,8f7,8f4,8f6,8f5,8f7,0
292,292,0,8f8,8fa,8f9,8fb,8f8,8fa,8f9,8fb,8f8,8fa,8f9,8fb,8f8,8fa,8f9,8fb,0
293,293,0,8fc,8fe,8fd,8ff,8fc,8fe,8fd,8ff,8fc,8fe,8fd,8ff,8fc,8fe,8fd,8ff,0
294,294,0,900,902,901,903,900,902,901,903,900,902,901,903,900,902,901,903,0
295,295,0,904,906,905,907,904,906,905,907,904,906,905,907,904,906,905,907,0
296,296,0,908,90a,909,90b,908,90a,909,90b,908,90a,909,90b,908,90a,909,90b,0
297,297,0,90c,90e,90d,90f,90c,90e,90d,90f,90c,90e,90d,90f,90c,90e,90d,90f,0
298,298,0,910,912,911,913,910,912,911,913,910,912,911,913,910,912,911,913,0
299,299,0,914,916,915,917,914,916,915,917,914,916,915,917,914,916,915,917,0
300,300,0,918,91a,919,91b,918,91a,919,91b,918,91a,919,91b,918,91a,919,91b,0
301,301,0,91c,91e,91d,91f,91c,91e,91d,91f,91c,91e,91d,91f,91c,91e,91d,91f,0
302,302,0,920,922,921,923,920,922,921,923,920,922,921,923,920,922,921,923,0
303,303,0,924,926,925,927,924,926,925,927,924,926,925,927,924,926,925,927,0
304,304,0,928,92a,929,92b,928,92a,929,92b,928,92a,929,92b,928,92a,929,92b,0
305,305,0,92c,92e,92d,92f,92c,92e,92d,92f,92c,92e,92d,92f,92c,92e,92d,92f,0
306,306,0,930,932,931,933,930,932,931,933,930,932,931,933,930,932,931,933,0
307,307,0,934,936,935,937,934,936,935,937,934,936,935,937,934,936,935,937,0
308,308,0,938,93a,939,93b,938,93a,939,93b,938,93a,939,93b,938,93a,939,93b,0
309,309,0,93c,93e,93d,93f,93c,93e,93d,93f,93c,93e,93d,93f,93c,93e,93d,93f,0
310,310,0,940,942,941,943,940,942,941,943,940,942,941,943,940,942,941,943,0
311,311,0,944,946,945,947,944,946,945,947,944,946,945,947,944,946,945,947,0
312,312,0,948,94a,949,94b,948,94a,949,94b,948,94a,949,94b,948,94a,949,94b,0
313,313,0,94c,94e,94d,94f,94c,94e,94d,94f,94c,94e,94d,94f,94c,94e,94d,94f,0
314,314,0,950,952,951,953,950,952,951,953,950,952,951,953,950,952,951,953,0
315,315,0,954,956,955,957,954,956,955,957,954,956,955,957,954,956,955,957,0
316,316,0,958,95a,959,95b,958,95a,959,95b,958,95a,959,95b,958,95a,959,95b,0
317,317,0,95c,95e,95d,95f,95c,95e,95d,95f,95c,95e,95d,95f,95c,95e,95d,95f,0
318,318,0,960,962,961,963,960,962,961,963,960,962,961,963,960,962,961,963,0
319,319,0,964,966,965,967,964,966,965,967,964,966,965,967,964,966,965,967,0
320,320,0,968,96a,969,96b,968,96a,969,96b,968,96a,969,96b,968,96a,969,96b,0
321,321,0,96c,96e,96d,96f,96c,96e,96d,96f,96c,96e,96d,96f,96c,96e,96d,96f,0
322,322,0,970,972,971,973,970,972,971,973,970,972,971,973,970,972,971,973,0
323,323,0,974,976,975,977,974,976,975,977,974,976,975,977,974,976,975,977,0
324,324,0,978,97a,979,97b,978,97a,979,97b,978,97a,979,97b,978,97a,979,97b,0
325,325,0,97c,97e,97d,97f,97c,97e,97d,97f,97c,97e,97d,97f,97c,97e,97d,97f,0
326,326,0,980,982,981,983,980,982,981,983,980,982,981,983,980,982,981,983,0
327,327,0,984,986,985,987,984,986,985,987,984,986,985,987,984,986,985,987,0
328,328,0,988,98a,989,98b,988,98a,989,98b,988,98a,989,98b,988,98a,989,98b,0
329,329,0,98c,98e,98d,98f,98c,98e,98d,98f,98c,98e,98d,98f,98c,98e,98d,98f,0
330,330,0,990,992,991,993,990,992,991,993,990,992,991,993,990,992,991,993,0
331,331,0,994,996,995,997,994,996,995,997,994,996,995,997,994,996,995,997,0
332,332,0,998,99a,999,99b,998,99a,999,99b,998,99a,999,99b,998,99a,999,99b,0
333,333,0,99c,99e,99d,99f,99c,99e,99d,99f,99c,99e,99d,99f,99c,99e,99d,99f,0
334,334,0,9a0,9a2,9a1,9a3,9a0,9a2,9a1,9a3,9a0,9a2,9a1,9a3,9a0,9a2,9a1,9a3,0
335,335,0,9a4,9a6,9a5,9a7,9a4,9a6,9a5,9a7,9a4,9a6,9a5,9a7,9a4,9a6,9a5,9a7,0
336,336,0,9a8,9aa,9a9,9ab,9a8,9aa,9a9,9ab,9a8,9aa,9a9,9ab,9a8,9aa,9a9,9ab,0
337,337,0,9ac,9ae,9ad,9af,9ac,9ae,9ad,9af,9ac,9ae,9ad,9af,9ac,9ae,9ad,9af,0
338,338,0,9b0,9b2,9b1,9b3,9b0,9b2,9b1,9b3,9b0,9b2,9b1,9b3,9b0,9b2,9b1,9b3,0
339,339,0,9b4,9b6,9b5,9b7,9b4,9b6,9b5,9b7,9b4,9b6,9b5,9b7,9b4,9b6,9b5,9b7,0
340,340,0,9b8,9ba,9b9,9bb,9b8,9ba,9b9,9bb,9b8,9ba,9b9,9bb,9b8,9ba,9b9,9bb,0
341,341,0,9bc,9be,9bd,9bf,9bc,9be,9bd,9bf,9bc,9be,9bd,9bf,9bc,9be,9bd,9bf,0
342,342,0,9c0,9c2,9c1,9c3,9c0,9c2,9c1,9c3,9c0,9c2,9c1,9c3,9c0,9c2,9c1,9c3,0
343,343,0,9c4,9c6,9c5,9c7,9c4,9c6,9c5,9c7,9c4,9c6,9c5,9c7,9c4,9c6,9c5,9c7,0
344,344,0,9c8,9ca,9c9,9cb,9c8,9ca,9c9,9cb,9c8,9ca,9c9,9cb,9c8,9ca,9c9,9cb,0
345,345,0,9cc,9ce,9cd,9cf,9cc,9ce,9cd,9cf,9cc,9ce,9cd,9cf,9cc,9ce,9cd,9cf,0
346,346,0,9d0,9d2,9d1,9d3,9d0,9d2,9d1,9d3,9d0,9d2,9d1,9d3,9d0,9d2,9d1,9d3,0
347,347,0,9d4,9d6,9d5,9d7,9d4,9d6,9d5,9d7,9d4,9d6,9d5,9d7,9d4,9d6,9d5,9d7,0
348,348,0,9d8,9da,9d9,9db,9d8,9da,9d9,9db,9d8,9da,9d9,9db,9d8,9da,9d9,9db,0
349,349,0,9dc,9de,9dd,9df,9dc,9de,9dd,9df,9dc,9de,9dd,9df,9dc,9de,9dd,9df,0
350,350,0,9e0,9e2,9e1,9e3,9e0,9e2,9e1,9e3,9e0,9e2,9e1,9e3,9e0,9e2,9e1,9e3,0
351,351,0,9e4,9e6,9e5,9e7,9e4,9e6,9e5,9e7,9e4,9e6,9e5,9e7,9e4,9e6,9e5,9e7,0
352,352,0,9e8,9ea,9e9,9eb,9e8,9ea,9e9,9eb,9e8,9ea,9e9,9eb,9e8,9ea,9e9,9eb,0
353,353,0,9ec,9ee,9ed,9ef,9ec,9ee,9ed,9ef,9ec,9ee,9ed,9ef,9ec,9ee,9ed,9ef,0
354,354,0,9f0,9f2,9f1,9f3,9f0,9f2,9f1,9f3,9f0,9f2,9f1,9f3,9f0,9f2,9f1,9f3,0
355,355,0,9f4,9f6,9f5,9f7,9f4,9f6,9f5,9f7,9f4,9f6,9f5,9f7,9f4,9f6,9f5,9f7,0
356,356,0,9f8,9fa,9f9,9fb,9f8,9fa,9f9,9fb,9f8,9fa,9f9,9fb,9f8,9fa,9f9,9fb,0
357,357,0,9fc,9fe,9fd,9ff,9fc,9fe,9fd,9ff,9fc,9fe,9fd,9ff,9fc,9fe,9fd,9ff,0
358,358,0,a00,a02,a01,a03,a00,a02,a01,a03,a00,a02,a01,a03,a00,a02,a01,a03,0
359,359,0,a04,a06,a05,a07,a04,a06,a05,a07,a04,a06,a05,a07,a04,a06,a05,a07,0
360,360,0,a08,a0a,a09,a0b,a08,a0a,a09,a0b,a08,a0a,a09,a0b,a08,a0a,a09,a0b,0
361,361,0,a0c,a0e,a0d,a0f,a0c,a0e,a0d,a0f,a0c,a0e,a0d,a0f,a0c,a0e,a0d,a0f,0
362,362,0,a10,a12,a11,a13,a10,a12,a11,a13,a10,a12,a11,a13,a10,a12,a11,a13,0
363,363,0,a14,a16,a15,a17,a14,a16,a15,a17,a14,a16,a15,a17,a14,a16,a15,a17,0
364,364,0,a18,a1a,a19,a1b,a18,a1a,a19,a1b,a18,a1a,a19,a1b,a18,a1a,a19,a1b,0
365,365,0,a1c,a1e,a1d,a1f,a1c,a1e,a1d,a1f,a1c,a1e,a1d,a1f,a1c,a1e,a1d,a1f,0
366,366,0,a20,a22,a21,a23,a20,a22,a21,a23,a20,a22,a21,a23,a20,a22,a21,a23,0
367,367,0,a24,a26,a25,a27,a24,a26,a25,a27,a24,a26,a25,a27,a24,a26,a25,a27,0
368,368,0,a28,a2a,a29,a2b,a28,a2a,a29,a2b,a28,a2a,a29,a2b,a28,a2a,a29,a2b,0
369,369,0,a2c,a2e,a2d,a2f,a2c,a2e,a2d,a2f,a2c,a2e,a2d,a2f,a2c,a2e,a2d,a2f,0
370,370,0,a30,a32,a31,a33,a30,a32,a31,a33,a30,a32,a31,a33,a30,a32,a31,a33,0
371,371,0,a34,a36,a35,a37,a34,a36,a35,a37,a34,a36,a35,a37,a34,a36,a35,a37,0
372,372,0,a38,a3a,a39,a3b,a38,a3a,a39,a3b,a38,a3a,a39,a3b,a38,a3a,a39,a3b,0
373,373,0,a3c,a3e,a3d,a3f,a3c,a3e,a3d,a3f,a3c,a3e,a3d,a3f,a3c,a3e,a3d,a3f,0
374,374,0,a40,a42,a41,a43,a40,a42,a41,a43,a40,a42,a41,a43,a40,a42,a41,a43,0
375,375,0,a44,a46,a45,a47,a44,a46,a45,a47,a44,a46,a45,a47,a44,a46,a45,a47,0
376,376,0,a48,a4a,a49,a4b,a48,a4a,a49,a4b,a48,a4a,a49,a4b,a48,a4a,a49,a4b,0
377,377,0,a4c,a4e,a4d,a4f,a4c,a4e,a4d,a4f,a4c,a4e,a4d,a4f,a4c,a4e,a4d,a4f,0
378,378,0,a50,a52,a51,a53,a50,a52,a51,a53,a50,a52,a51,a53,a50,a52,a51,a53,0
379,379,0,a54,a56,a55,a57,a54,a56,a55,a57,a54,a56,a55,a57,a54,a56,a55,a57,0
380,380,0,a58,a5a,a59,a5b,a58,a5a,a59,a5b,a58,a5a,a59,a5b,a58,a5a,a59,a5b,0
381,381,0,a5c,a5e,a5d,a5f,a5c,a5e,a5d,a5f,a5c,a5e,a5d,a5f,a5c,a5e,a5d,a5f,0
382,382,0,a60,a62,a61,a63,a60,a62,a61,a63,a60,a62,a61,a63,a60,a62,a61,a63,0
383,383,0,a64,a66,a65,a67,a64,a66,a65,a67,a64,a66,a65,a67,a64,a66,a65,a67,0
384,384,0,a68,a6a,a69,a6b,a68,a6a,a69,a6b,a68,a6a,a69,a6b,a68,a6a,a69,a6b,0
385,385,0,a6c,a6e,a6d,a6f,a6c,a6e,a6d,a6f,a6c,a6e,a6d,a6f,a6c,a6e,a6d,a6f,0
386,386,0,a70,a72,a71,a73,a70,a72,a71,a73,a70,a72,a71,a73,a70,a72,a71,a73,0
387,387,0,a74,a76,a75,a77,a74,a76,a75,a77,a74,a76,a75,a77,a74,a76,a75,a77,0
388,388,0,a78,a7a,a79,a7b,a78,a7a,a79,a7b,a78,a7a,a79,a7b,a78,a7a,a79,a7b,0
389,389,0,a7c,a7e,a7d,a7f,a7c,a7e,a7d,a7f,a7c,a7e,a7d,a7f,a7c,a7e,a7d,a7f,0
390,390,0,a80,a82,a81,a83,a80,a82,a81,a83,a80,a82,a81,a83,a80,a82,a81,a83,0
391,391,0,a84,a86,a85,a87,a84,a86,a85,a87,a84,a86,a85,a87,a84,a86,a85,a87,0
392,392,0,a88,a8a,a89,a8b,a88,a8a,a89,a8b,a88,a8a,a89,a8b,a88,a8a,a89,a8b,0
393,393,0,a8c,a8e,a8d,a8f,a8c,a8e,a8d,a8f,a8c,a8e,a8d,a8f,a8c,a8e,a8d,a8f,0
394,394,0,a90,a92,a91,a93,a90,a92,a91,a93,a90,a92,a91,a93,a90,a92,a91,a93,0
395,395,0,a94,a96,a95,a97,a94,a96,a95,a97,a94,a96,a95,a97,a94,a96,a95,a97,0
396,396,0,a98,a9a,a99,a9b,a98,a9a,a99,a9b,a98,a9a,a99,a9b,a98,a9a,a99,a9b,0
397,397,0,a9c,a9e,a9d,a9f,a9c,a9e,a9d,a9f,a9c,a9e,a9d,a9f,a9c,a9e,a9d,a9f,0
398,398,0,aa0,aa2,aa1,aa3,aa0,aa2,aa1,aa3,aa0,aa2,aa1,aa3,aa0,aa2,aa1,aa3,0
399,399,0,aa4,aa6,aa5,aa7,aa4,aa6,aa5,aa7,aa4,aa6,aa5,aa7,aa4,aa6,aa5,aa7,0
400,400,0,aa8,aaa,aa9,aab,aa8,aaa,aa9,aab,aa8,aaa,aa9,aab,aa8,aaa,aa9,aab,0
401,401,0,aac,aae,aad,aaf,aac,aae,aad,aaf,aac,aae,aad,aaf,aac,aae,aad,aaf,0
402,402,0,ab0,ab2,ab1,ab3,ab0,ab2,ab1,ab3,ab0,ab2,ab1,ab3,ab0,ab2,ab1,ab3,0
403,403,0,ab4,ab6,ab5,ab7,ab4,ab6,ab5,ab7,ab4,ab6,ab5,ab7,ab4,ab6,ab5,ab7,0
404,404,0,ab8,aba,ab9,abb,ab8,aba,ab9,abb,ab8,aba,ab9,abb,ab8,aba,ab9,abb,0
405,405,0,abc,abe,abd,abf,abc,abe,abd,abf,abc,abe,abd,abf,abc,abe,abd,abf,0
406,406,0,ac0,ac2,ac1,ac3,ac0,ac2,ac1,ac3,ac0,ac2,ac1,ac3,ac0,ac2,ac1,ac3,0
407,407,0,ac4,ac6,ac5,ac7,ac4,ac6,ac5,ac7,ac4,ac6,ac5,ac7,ac4,ac6,ac5,ac7,0
408,408,0,ac8,aca,ac9,acb,ac8,aca,ac9,acb,ac8,aca,ac9,acb,ac8,aca,ac9,acb,0
409,409,0,acc,ace,acd,acf,acc,ace,acd,acf,acc,ace,acd,acf,acc,ace,acd,acf,0
410,410,0,ad0,ad2,ad1,ad3,ad0,ad2,ad1,ad3,ad0,ad2,ad1,ad3,ad0,ad2,ad1,ad3,0
411,411,0,ad4,ad6,ad5,ad7,ad4,ad6,ad5,ad7,ad4,ad6,ad5,ad7,ad4,ad6,ad5,ad7,0
412,412,0,ad8,ada,ad9,adb,ad8,ada,ad9,adb,ad8,ada,ad9,adb,ad8,ada,ad9,adb,0
413,413,0,adc,ade,add,adf,adc,ade,add,adf,adc,ade,add,adf,adc,ade,add,adf,0
414,414,0,ae0,ae2,ae1,ae3,ae0,ae2,ae1,ae3,ae0,ae2,ae1,ae3,ae0,ae2,ae1,ae3,0
415,415,0,ae4,ae6,ae5,ae7,ae4,ae6,ae5,ae7,ae4,ae6,ae5,ae7,ae4,ae6,ae5,ae7,0
416,416,0,ae8,aea,ae9,aeb,ae8,aea,ae9,aeb,ae8,aea,ae9,aeb,ae8,aea,ae9,aeb,0
417,417,0,aec,aee,aed,aef,aec,aee,aed,aef,aec,aee,aed,aef,aec,aee,aed,aef,0
418,418,0,af0,af2,af1,af3,af0,af2,af1,af3,af0,af2,af1,af3,af0,af2,af1,af3,0
419,419,0,af4,af6,af5,af7,af4,af6,af5,af7,af4,af6,af5,af7,af4,af6,af5,af7,0
420,420,0,af8,afa,af9,afb,af8,afa,af9,afb,af8,afa,af9,afb,af8,afa,af9,afb,0
421,421,0,afc,afe,afd,aff,afc,afe,afd,aff,afc,afe,afd,aff,afc,afe,afd,aff,0
422,422,0,b00,b02,b01,b03,b00,b02,b01,b03,b00,b02,b01,b03,b00,b02,b01,b03,0
423,423,0,b04,b06,b05,b07,b04,b06,b05,b07,b04,b06,b05,b07,b04,b06,b05,b07,0
424,424,0,b08,b0a,b09,b0b,b08,b0a,b09,b0b,b08,b0a,b09,b0b,b08,b0a,b09,b0b,0
425,425,0,b0c,b0e,b0d,b0f,b0c,b0e,b0d,b0f,b0c,b0e,b0d,b0f,b0c,b0e,b0d,b0f,0
426,426,0,b10,b12,b11,b13,b10,b12,b11,b13,b10,b12,b11,b13,b10,b12,b11,b13,0
427,427,0,b14,b16,b15,b17,b14,b16,b15,b17,b14,b16,b15,b17,b14,b16,b15,b17,0
428,428,0,b18,b1a,b19,b1b,b18,b1a,b19,b1b,b18,b1a,b19,b1b,b18,b1a,b19,b1b,0
429,429,0,b1c,b1e,b1d,b1f,b1c,b1e,b1d,b1f,b1c,b1e,b1d,b1f,b1c,b1e,b1d,b1f,0
430,430,0,b20,b22,b21,b23,b20,b22,b21,b23,b20,b22,b21,b23,b20,b22,b21,b23,0
431,431,0,b24,b26,b25,b27,b24,b26,b25,b27,b24,b26,b25,b27,b24,b26,b25,b27,0
432,432,0,b28,b2a,b29,b2b,b28,b2a,b29,b2b,b28,b2a,b29,b2b,b28,b2a,b29,b2b,0
433,433,0,b2c,b2e,b2d,b2f,b2c,b2e,b2d,b2f,b2c,b2e,b2d,b2f,b2c,b2e,b2d,b2f,0
434,434,0,b30,b32,b31,b33,b30,b32,b31,b33,b30,b32,b31,b33,b30,b32,b31,b33,0
435,435,0,b34,b36,b35,b37,b34,b36,b35,b37,b34,b36,b35,b37,b34,b36,b35,b37,0
436,436,0,b38,b3a,b39,b3b,b38,b3a,b39,b3b,b38,b3a,b39,b3b,b38,b3a,b39,b3b,0
437,437,0,b3c,b3e,b3d,b3f,b3c,b3e,b3d,b3f,b3c,b3e,b3d,b3f,b3c,b3e,b3d,b3f,0
438,438,0,b40,b42,b41,b43,b40,b42,b41,b43,b40,b42,b41,b43,b40,b42,b41,b43,0
439,439,0,b44,b46,b45,b47,b44,b46,b45,b47,b44,b46,b45,b47,b44,b46,b45,b47,0
440,440,0,b48,b4a,b49,b4b,b48,b4a,b49,b4b,b48,b4a,b49,b4b,b48,b4a,b49,b4b,0
441,441,0,b4c,b4e,b4d,b4f,b4c,b4e,b4d,b4f,b4c,b4e,b4d,b4f,b4c,b4e,b4d,b4f,0
442,442,0,b50,b52,b51,b53,b50,b52,b51,b53,b50,b52,b51,b53,b50,b52,b51,b53,0
443,443,0,b54,b56,b55,b57,b54,b56,b55,b57,b54,b56,b55,b57,b54,b56,b55,b57,0
444,444,0,b58,b5a,b59,b5b,b58,b5a,b59,b5b,b58,b5a,b59,b5b,b58,b5a,b59,b5b,0
445,445,0,b5c,b5e,b5d,b5f,b5c,b5e,b5d,b5f,b5c,b5e,b5d,b5f,b5c,b5e,b5d,b5f,0
446,446,0,b60,b62,b61,b63,b60,b62,b61,b63,b60,b62,b61,b63,b60,b62,b61,b63,0
447,447,0,b64,b66,b65,b67,b64,b66,b65,b67,b64,b66,b65,b67,b64,b66,b65,b67,0
448,448,0,b68,b6a,b69,b6b,b68,b6a,b69,b6b,b68,b6a,b69,b6b,b68,b6a,b69,b6b,0
449,449,0,b6c,b6e,b6d,b6f,b6c,b6e,b6d,b6f,b6c,b6e,b6d,b6f,b6c,b6e,b6d,b6f,0
450,450,0,b70,b72,b71,b73,b70,b72,b71,b73,b70,b72,b71,b73,b70,b72,b71,b73,0
451,451,0,b74,b76,b75,b77,b74,b76,b75,b77,b74,b76,b75,b77,b74,b76,b75,b77,0
452,452,0,b78,b7a,b79,b7b,b78,b7a,b79,b7b,b78,b7a,b79,b7b,b78,b7a,b79,b7b,0
453,453,0,b7c,b7e,b7d,b7f,b7c,b7e,b7d,b7f,b7c,b7e,b7d,b7f,b7c,b7e,b7d,b7f,0
454,454,0,b80,b82,b81,b83,b80,b82,b81,b83,b80,b82,b81,b83,b80,b82,b81,b83,0
455,455,0,b84,b86,b85,b87,b84,b86,b85,b87,b84,b86,b85,b87,b84,b86,b85,b87,0
456,456,0,b88,b8a,b89,b8b,b88,b8a,b89,b8b,b88,b8a,b89,b8b,b88,b8a,b89,b8b,0
457,457,0,b8c,b8e,b8d,b8f,b8c,b8e,b8d,b8f,b8c,b8e,b8d,b8f,b8c,b8e,b8d,b8f,0
458,458,0,b90,b92,b91,b93,b90,b92,b91,b93,b90,b92,b91,b93,b90,b92,b91,b93,0
459,459,0,b94,b96,b95,b97,b94,b96,b95,b97,b94,b96,b95,b97,b94,b96,b95,b97,0
460,460,0,b98,b9a,b99,b9b,b98,b9a,b99,b9b,b98,b9a,b99,b9b,b98,b9a,b99,b9b,0
461,461,0,b9c,b9e,b9d,b9f,b9c,b9e,b9d,b9f,b9c,b9e,b9d,b9f,b9c,b9e,b9d,b9f,0
462,462,0,ba0,ba2,ba1,ba3,ba0,ba2,ba1,ba3,ba0,ba2,ba1,ba3,ba0,ba2,ba1,ba3,0
463,463,0,ba4,ba6,ba5,ba7,ba4,ba6,ba5,ba7,ba4,ba6,ba5,ba7,ba4,ba6,ba5,ba7,0
464,464,0,ba8,baa,ba9,bab,ba8,baa,ba9,bab,ba8,baa,ba9,bab,ba8,baa,ba9,bab,0
465,465,0,bac,bae,bad,baf,bac,bae,bad,baf,bac,bae,bad,baf,bac,bae,bad,baf,0
466,466,0,bb0,bb2,bb1,bb3,bb0,bb2,bb1,bb3,bb0,bb2,bb1,bb3,bb0,bb2,bb1,bb3,0
467,467,0,bb4,bb6,bb5,bb7,bb4,bb6,bb5,bb7,bb4,bb6,bb5,bb7,bb4,bb6,bb5,bb7,0
468,468,0,bb8,bba,bb9,bbb,bb8,bba,bb9,bbb,bb8,bba,bb9,bbb,bb8,bba,bb9,bbb,0
469,469,0,bbc,bbe,bbd,bbf,bbc,bbe,bbd,bbf,bbc,bbe,bbd,bbf,bbc,bbe,bbd,bbf,0
470,470,0,bc0,bc2,bc1,bc3,bc0,bc2,bc1,bc3,bc0,bc2,bc1,bc3,bc0,bc2,bc1,bc3,0
471,471,0,bc4,bc6,bc5,bc7,bc4,bc6,bc5,bc7,bc4,bc6,bc5,bc7,bc4,bc6,bc5,bc7,0
472,472,0,bc8,bca,bc9,bcb,bc8,bca,bc9,bcb,bc8,bca,bc9,bcb,bc8,bca,bc9,bcb,0
473,473,0,bcc,bce,bcd,bcf,bcc,bce,bcd,bcf,bcc,bce,bcd,bcf,bcc,bce,bcd,bcf,0
474,474,0,bd0,bd2,bd1,bd3,bd0,bd2,bd1,bd3,bd0,bd2,bd1,bd3,bd0,bd2,bd1,bd3,0
475,475,0,bd4,bd6,bd5,bd7,bd4,bd6,bd5,bd7,bd4,bd6,bd5,bd7,bd4,bd6,bd5,bd7,0
476,476,0,bd8,bda,bd9,bdb,bd8,bda,bd9,bdb,bd8,bda,bd9,bdb,bd8,bda,bd9,bdb,0
477,477,0,bdc,bde,bdd,bdf,bdc,bde,bdd,bdf,bdc,bde,bdd,bdf,bdc,bde,bdd,bdf,0
478,478,0,be0,be2,be1,be3,be0,be2,be1,be3,be0,be2,be1,be3,be0,be2,be1,be3,0
479,479,0,be4,be6,be5,be7,be4,be6,be5,be7,be4,be6,be5,be7,be4,be6,be5,be7,0
480,480,0,be8,bea,be9,beb,be8,bea,be9,beb,be8,bea,be9,beb,be8,bea,be9,beb,0
481,481,0,bec,bee,bed,bef,bec,bee,bed,bef,bec,bee,bed,bef,bec,bee,bed,bef,0
482,482,0,bf0,bf2,bf1,bf3,bf0,bf2,bf1,bf3,bf0,bf2,bf1,bf3,bf0,bf2,bf1,bf3,0
483,483,0,bf4,bf6,bf5,bf7,bf4,bf6,bf5,bf7,bf4,bf6,bf5,bf7,bf4,bf6,bf5,bf7,0
484,484,0,bf8,bfa,bf9,bfb,bf8,bfa,bf9,bfb,bf8,bfa,bf9,bfb,bf8,bfa,bf9,bfb,0
485,485,0,bfc,bfe,bfd,bff,bfc,bfe,bfd,bff,bfc,bfe,bfd,bff,bfc,bfe,bfd,bff,0
486,486,0,c00,c02,c01,c03,c00,c02,c01,c03,c00,c02,c01,c03,c00,c02,c01,c03,0
487,487,0,c04,c06,c05,c07,c04,c06,c05,c07,c04,c06,c05,c07,c04,c06,c05,c07,0
488,488,0,c08,c0a,c09,c0b,c08,c0a,c09,c0b,c08,c0a,c09,c0b,c08,c0a,c09,c0b,0
489,489,0,c0c,c0e,c0d,c0f,c0c,c0e,c0d,c0f,c0c,c0e,c0d,c0f,c0c,c0e,c0d,c0f,0
490,490,0,c10,c12,c11,c13,c10,c12,c11,c13,c10,c12,c11,c13,c10,c12,c11,c13,0
491,491,0,c14,c16,c15,c17,c14,c16,c15,c17,c14,c16,c15,c17,c14,c16,c15,c17,0
492,492,0,c18,c1a,c19,c1b,c18,c1a,c19,c1b,c18,c1a,c19,c1b,c18,c1a,c19,c1b,0
493,493,0,c1c,c1e,c1d,c1f,c1c,c1e,c1d,c1f,c1c,c1e,c1d,c1f,c1c,c1e,c1d,c1f,0
494,494,0,c20,c22,c21,c23,c20,c22,c21,c23,c20,c22,c21,c23,c20,c22,c21,c23,0
495,495,0,c24,c26,c25,c27,c24,c26,c25,c27,c24,c26,c25,c27,c24,c26,c25,c27,0
496,496,0,c28,c2a,c29,c2b,c28,c2a,c29,c2b,c28,c2a,c29,c2b,c28,c2a,c29,c2b,0
497,497,0,c2c,c2e,c2d,c2f,c2c,c2e,c2d,c2f,c2c,c2e,c2d,c2f,c2c,c2e,c2d,c2f,0
498,498,0,c30,c32,c31,c33,c30,c32,c31,c33,c30,c32,c31,c33,c30,c32,c31,c33,0
499,499,0,c34,c36,c35,c37,c34,c36,c35,c37,c34,c36,c35,c37,c34,c36,c35,c37,0
500,500,0,c38,c3a,c39,c3b,c38,c3a,c39,c3b,c38,c3a,c39,c3b,c38,c3a,c39,c3b,0
501,501,0,c3c,c3e,c3d,c3f,c3c,c3e,c3d,c3f,c3c,c3e,c3d,c3f,c3c,c3e,c3d,c3f,0
502,502,0,c40,c42,c41,c43,c40,c42,c41,c43,c40,c42,c41,c43,c40,c42,c41,c43,0
503,503,0,c44,c46,c45,c47,c44,c46,c45,c47,c44,c46,c45,c47,c44,c46,c45,c47,0
504,504,0,c48,c4a,c49,c4b,c48,c4a,c49,c4b,c48,c4a,c49,c4b,c48,c4a,c49,c4b,0
505,505,0,c4c,c4e,c4d,c4f,c4c,c4e,c4d,c4f,c4c,c4e,c4d,c4f,c4c,c4e,c4d,c4f,0
506,506,0,c50,c52,c51,c53,c50,c52,c51,c53,c50,c52,c51,c53,c50,c52,c51,c53,0
507,507,0,c54,c56,c55,c57,c54,c56,c55,c57,c54,c56,c55,c57,c54,c56,c55,c57,0
508,508,0,c58,c5a,c59,c5b,c58,c5a,c59,c5b,c58,c5a,c59,c5b,c58,c5a,c59,c5b,0
509,509,0,c5c,c5e,c5d,c5f,c5c,c5e,c5d,c5f,c5c,c5e,c5d,c5f,c5c,c5e,c5d,c5f,0
510,510,0,c60,c62,c61,c63,c60,c62,c61,c63,c60,c62,c61,c63,c60,c62,c61,c63,0
511,511,0,c64,c66,c65,c67,c64,c66,c65,c67,c64,c66,c65,c67,c64,c66,c65,c67,0
512,512,1,c68,c6a,c69,c6b,c68,c6a,c69,c6b,c68,c6a,c69,c6b,c68,c6a,c69,c6b,0
513,513,0,c6c,c6e,c6d,c6f,c6c,c6e,c6d,c6f,c6c,c6e,c6d,c6f,c6c,c6e,c6d,c6f,0
514,514,0,c70,c72,c71,c73,c70,c72,c71,c73,c70,c72,c71,c73,c70,c72,c71,c73,0
515,515,0,c74,c76,c75,c77,c74,c76,c75,c77,c74,c76,c75,c77,c74,c76,c75,c77,0
516,516,0,c78,c7a,c79,c7b,c78,c7a,c79,c7b,c78,c7a,c79,c7b,c78,c7a,c79,c7b,0
517,517,0,c7c,c7e,c7d,c7f,c7c,c7e,c7d,c7f,c7c,c7e,c7d,c7f,c7c,c7e,c7d,c7f,0
518,518,0,c80,c82,c81,c83,c80,c82,c81,c83,c80,c82,c81,c83,c80,c82,c81,c83,0
519,519,0,c84,c86,c85,c87,c84,c86,c85,c87,c84,c86,c85,c87,c84,c86,c85,c87,0
520,520,0,c88,c8a,c89,c8b,c88,c8a,c89,c8b,c88,c8a,c89,c8b,c88,c8a,c89,c8b,0
521,521,0,c8c,c8e,c8d,c8f,c8c,c8e,c8d,c8f,c8c,c8e,c8d,c8f,c8c,c8e,c8d,c8f,0
522,522,0,c90,c92,c91,c93,c90,c92,c91,c93,c90,c92,c91,c93,c90,c92,c91,c93,0
523,523,0,c94,c96,c95,c97,c94,c96,c95,c97,c94,c96,c95,c97,c94,c96,c95,c97,0
524,524,0,c98,c9a,c99,c9b,c98,c9a,c99,c9b,c98,c9a,c99,c9b,c98,c9a,c99,c9b,0
525,525,0,c9c,c9e,c9d,c9f,c9c,c9e,c9d,c9f,c9c,c9e,c9d,c9f,c9c,c9e,c9d,c9f,0
526,526,0,ca0,ca2,ca1,ca3,ca0,ca2,ca1,ca3,ca0,ca2,ca1,ca3,ca0,ca2,ca1,ca3,0
527,527,0,ca4,ca6,ca5,ca7,ca4,ca6,ca5,ca7,ca4,ca6,ca5,ca7,ca4,ca6,ca5,ca7,0
528,528,0,ca8,caa,ca9,cab,ca8,caa,ca9,cab,ca8,caa,ca9,cab,ca8,caa,ca9,cab,0
529,529,0,cac,cae,cad,caf,cac,cae,cad,caf,cac,cae,cad,caf,cac,cae,cad,caf,0
530,530,0,cb0,cb2,cb1,cb3,cb0,cb2,cb1,cb3,cb0,cb2,cb1,cb3,cb0,cb2,cb1,cb3,0
531,531,0,cb4,cb6,cb5,cb7,cb4,cb6,cb5,cb7,cb4,cb6,cb5,cb7,cb4,cb6,cb5,cb7,0
532,532,0,cb8,cba,cb9,cbb,cb8,cba,cb9,cbb,cb8,cba,cb9,cbb,cb8,cba,cb9,cbb,0
533,533,0,cbc,cbe,cbd,cbf,cbc,cbe,cbd,cbf,cbc,cbe,cbd,cbf,cbc,cbe,cbd,cbf,0
534,534,0,cc0,cc2,cc1,cc3,cc0,cc2,cc1,cc3,cc0,cc2,cc1,cc3,cc0,cc2,cc1,cc3,0
535,535,0,cc4,cc6,cc5,cc7,cc4,cc6,cc5,cc7,cc4,cc6,cc5,cc7,cc4,cc6,cc5,cc7,0
536,536,0,cc8,cca,cc9,ccb,cc8,cca,cc9,ccb,cc8,cca,cc9,ccb,cc8,cca,cc9,ccb,0
537,537,0,ccc,cce,ccd,ccf,ccc,cce,ccd,ccf,ccc,cce,ccd,ccf,ccc,cce,ccd,ccf,0
538,538,0,cd0,cd2,cd1,cd3,cd0,cd2,cd1,cd3,cd0,cd2,cd1,cd3,cd0,cd2,cd1,cd3,0
539,539,0,cd4,cd6,cd5,cd7,cd4,cd6,cd5,cd7,cd4,cd6,cd5,cd7,cd4,cd6,cd5,cd7,0
540,540,0,cd8,cda,cd9,cdb,cd8,cda,cd9,cdb,cd8,cda,cd9,cdb,cd8,cda,cd9,cdb,0
541,541,0,cdc,cde,cdd,cdf,cdc,cde,cdd,cdf,cdc,cde,cdd,cdf,cdc,cde,cdd,cdf,0
542,542,0,ce0,ce2,ce1,ce3,ce0,ce2,ce1,ce3,ce0,ce2,ce1,ce3,ce0,ce2,ce1,ce3,0
543,543,0,ce4,ce6,ce5,ce7,ce4,ce6,ce5,ce7,ce4,ce6,ce5,ce7,ce4,ce6,ce5,ce7,0
544,544,0,ce8,cea,ce9,ceb,ce8,cea,ce9,ceb,ce8,cea,ce9,ceb,ce8,cea,ce9,ceb,0
545,545,0,cec,cee,ced,cef,cec,cee,ced,cef,cec,cee,ced,cef,cec,cee,ced,cef,0
546,546,0,cf0,cf2,cf1,cf3,cf0,cf2,cf1,cf3,cf0,cf2,cf1,cf3,cf0,cf2,cf1,cf3,0
547,547,0,cf4,cf6,cf5,cf7,cf4,cf6,cf5,cf7,cf4,cf6,cf5,cf7,cf4,cf6,cf5,cf7,0
548,548,0,cf8,cfa,cf9,cfb,cf8,cfa,cf9,cfb,cf8,cfa,cf9,cfb,cf8,cfa,cf9,cfb,0
549,549,0,cfc,cfe,cfd,cff,cfc,cfe,cfd,cff,cfc,cfe,cfd,cff,cfc,cfe,cfd,cff,0
550,550,0,d00,d02,d01,d03,d00,d02,d01,d03,d00,d02,d01,d03,d00,d02,d01,d03,0
551,551,0,d04,d06,d05,d07,d04,d06,d05,d07,d04,d06,d05,d07,d04,d06,d05,d07,0
552,552,0,d08,d0a,d09,d0b,d08,d0a,d09,d0b,d08,d0a,d09,d0b,d08,d0a,d09,d0b,0
553,553,0,d0c,d0e,d0d,d0f,d0c,d0e,d0d,d0f,d0c,d0e,d0d,d0f,d0c,d0e,d0d,d0f,0
554,554,0,d10,d12,d11,d13,d10,d12,d11,d13,d10,d12,d11,d13,d10,d12,d11,d13,0
555,555,0,d14,d16,d15,d17,d14,d16,d15,d17,d14,d16,d15,d17,d14,d16,d15,d17,0
556,556,0,d18,d1a,d19,d1b,d18,d1a,d19,d1b,d18,d1a,d19,d1b,d18,d1a,d19,d1b,0
557,557,0,d1c,d1e,d1d,d1f,d1c,d1e,d1d,d1f,d1c,d1e,d1d,d1f,d1c,d1e,d1d,d1f,0
558,558,0,d20,d22,d21,d23,d20,d22,d21,d23,d20,d22,d21,d23,d20,d22,d21,d23,0
559,559,0,d24,d26,d25,d27,d24,d26,d25,d27,d24,d26,d25,d27,d24,d26,d25,d27,0
560,560,0,d28,d2a,d29,d2b,d28,d2a,d29,d2b,d28,d2a,d29,d2b,d28,d2a,d29,d2b,0
561,561,0,d2c,d2e,d2d,d2f,d2c,d2e,d2d,d2f,d2c,d2e,d2d,d2f,d2c,d2e,d2d,d2f,0
562,562,0,d30,d32,d31,d33,d30,d32,d31,d33,d30,d32,d31,d33,d30,d32,d31,d33,0
563,563,0,d34,d36,d35,d37,d34,d36,d35,d37,d34,d36,d35,d37,d34,d36,d35,d37,0
564,564,0,d38,d3a,d39,d3b,d38,d3a,d39,d3b,d38,d3a,d39,d3b,d38,d3a,d39,d3b,0
565,565,0,d3c,d3e,d3d,d3f,d3c,d3e,d3d,d3f,d3c,d3e,d3d,d3f,d3c,d3e,d3d,d3f,0
566,566,0,d40,d42,d41,d43,d40,d42,d41,d43,d40,d42,d41,d43,d40,d42,d41,d43,0
567,567,0,d44,d46,d45,d47,d44,d46,d45,d47,d44,d46,d45,d47,d44,d46,d45,d47,0
568,568,0,d48,d4a,d49,d4b,d48,d4a,d49,d4b,d48,d4a,d49,d4b,d48,d4a,d49,d4b,0
569,569,0,d4c,d4e,d4d,d4f,d4c,d4e,d4d,d4f,d4c,d4e,d4d,d4f,d4c,d4e,d4d,d4f,0
570,570,0,d50,d52,d51,d53,d50,d52,d51,d53,d50,d52,d51,d53,d50,d52,d51,d53,0
571,571,0,d54,d56,d55,d57,d54,d56,d55,d57,d54,d56,d55,d57,d54,d56,d55,d57,0
572,572,0,d58,d5a,d59,d5b,d58,d5a,d59,d5b,d58,d5a,d59,d5b,d58,d5a,d59,d5b,0
573,573,0,d5c,d5e,d5d,d5f,d5c,d5e,d5d,d5f,d5c,d5e,d5d,d5f,d5c,d5e,d5d,d5f,0
574,574,0,d60,d62,d61,d63,d60,d62,d61,d63,d60,d62,d61,d63,d60,d62,d61,d63,0
575,575,0,d64,d66,d65,d67,d64,d66,d65,d67,d64,d66,d65,d67,d64,d66,d65,d67,0
576,576,0,d68,d6a,d69,d6b,d68,d6a,d69,d6b,d68,d6a,d69,d6b,d68,d6a,d69,d6b,0
577,577,0,d6c,d6e,d6d,d6f,d6c,d6e,d6d,d6f,d6c,d6e,d6d,d6f,d6c,d6e,d6d,d6f,0
578,578,0,d70,d72,d71,d73,d70,d72,d71,d73,d70,d72,d71,d73,d70,d72,d71,d73,0
579,579,0,d74,d76,d75,d77,d74,d76,d75,d77,d74,d76,d75,d77,d74,d76,d75,d77,0
580,580,0,d78,d7a,d79,d7b,d78,d7a,d79,d7b,d78,d7a,d79,d7b,d78,d7a,d79,d7b,0
581,581,0,d7c,d7e,d7d,d7f,d7c,d7e,d7d,d7f,d7c,d7e,d7d,d7f,d7c,d7e,d7d,d7f,0
582,582,0,d80,d82,d81,d83,d80,d82,d81,d83,d80,d82,d81,d83,d80,d82,d81,d83,0
583,583,0,d84,d86,d85,d87,d84,d86,d85,d87,d84,d86,d85,d87,d84,d86,d85,d87,0
584,584,0,d88,d8a,d89,d8b,d88,d8a,d89,d8b,d88,d8a,d89,d8b,d88,d8a,d89,d8b,0
585,585,0,d8c,d8e,d8d,d8f,d8c,d8e,d8d,d8f,d8c,d8e,d8d,d8f,d8c,d8e,d8d,d8f,0
586,586,0,d90,d92,d91,d93,d90,d92,d91,d93,d90,d92,d91,d93,d90,d92,d91,d93,0
587,587,0,d94,d96,d95,d97,d94,d96,d95,d97,d94,d96,d95,d97,d94,d96,d95,d97,0
588,588,0,d98,d9a,d99,d9b,d98,d9a,d99,d9b,d98,d9a,d99,d9b,d98,d9a,d99,d9b,0
589,589,0,d9c,d9e,d9d,d9f,d9c,d9e,d9d,d9f,d9c,d9e,d9d,d9f,d9c,d9e,d9d,d9f,0
590,590,0,da0,da2,da1,da3,da0,da2,da1,da3,da0,da2,da1,da3,da0,da2,da1,da3,0
591,591,0,da4,da6,da5,da7,da4,da6,da5,da7,da4,da6,da5,da7,da4,da6,da5,da7,0
592,592,0,da8,daa,da9,dab,da8,daa,da9,dab,da8,daa,da9,dab,da8,daa,da9,dab,0
593,593,0,dac,dae,dad,daf,dac,dae,dad,daf,dac,dae,dad,daf,dac,dae,dad,daf,0
594,594,0,db0,db2,db1,db3,db0,db2,db1,db3,db0,db2,db1,db3,db0,db2,db1,db3,0
595,595,0,db4,db6,db5,db7,db4,db6,db5,db7,db4,db6,db5,db7,db4,db6,db5,db7,0
596,596,0,db8,dba,db9,dbb,db8,dba,db9,dbb,db8,dba,db9,dbb,db8,dba,db9,dbb,0
597,597,0,dbc,dbe,dbd,dbf,dbc,dbe,dbd,dbf,dbc,dbe,dbd,dbf,dbc,dbe,dbd,dbf,0
598,598,0,dc0,dc2,dc1,dc3,dc0,dc2,dc1,dc3,dc0,dc2,dc1,dc3,dc0,dc2,dc1,dc3,0
599,599,0,dc4,dc6,dc5,dc7,dc4,dc6,dc5,dc7,dc4,dc6,dc5,dc7,dc4,dc6,dc5,dc7,0
600,600,0,dc8,dca,dc9,dcb,dc8,dca,dc9,dcb,dc8,dca,dc9,dcb,dc8,dca,dc9,dcb,0
601,601,0,dcc,dce,dcd,dcf,dcc,dce,dcd,dcf,dcc,dce,dcd,dcf,dcc,dce,dcd,dcf,0
602,602,0,dd0,dd2,dd1,dd3,dd0,dd2,dd1,dd3,dd0,dd2,dd1,dd3,dd0,dd2,dd1,dd3,0
603,603,0,dd4,dd6,dd5,dd7,dd4,dd6,dd5,dd7,dd4,dd6,dd5,dd7,dd4,dd6,dd5,dd7,0
604,604,0,dd8,dda,dd9,ddb,dd8,dda,dd9,ddb,dd8,dda,dd9,ddb,dd8,dda,dd9,ddb,0
605,605,0,ddc,dde,ddd,ddf,ddc,dde,ddd,ddf,ddc,dde,ddd,ddf,ddc,dde,ddd,ddf,0
606,606,0,de0,de2,de1,de3,de0,de2,de1,de3,de0,de2,de1,de3,de0,de2,de1,de3,0
607,607,0,de4,de6,de5,de7,de4,de6,de5,de7,de4,de6,de5,de7,de4,de6,de5,de7,0
608,608,0,de8,dea,de9,deb,de8,dea,de9,deb,de8,dea,de9,deb,de8,dea,de9,deb,0
609,609,0,dec,dee,ded,def,dec,dee,ded,def,dec,dee,ded,def,dec,dee,ded,def,0
610,610,0,df0,df2,df1,df3,df0,df2,df1,df3,df0,df2,df1,df3,df0,df2,df1,df3,0
611,611,0,df4,df6,df5,df7,df4,df6,df5,df7,df4,df6,df5,df7,df4,df6,df5,df7,0
612,612,0,df8,dfa,df9,dfb,df8,dfa,df9,dfb,df8,dfa,df9,dfb,df8,dfa,df9,dfb,0
613,613,0,dfc,dfe,dfd,dff,dfc,dfe,dfd,dff,dfc,dfe,dfd,dff,dfc,dfe,dfd,dff,0
614,614,0,e00,e02,e01,e03,e00,e02,e01,e03,e00,e02,e01,e03,e00,e02,e01,e03,0
615,615,0,e04,e06,e05,e07,e04,e06,e05,e07,e04,e06,e05,e07,e04,e06,e05,e07,0
616,616,0,e08,e0a,e09,e0b,e08,e0a,e09,e0b,e08,e0a,e09,e0b,e08,e0a,e09,e0b,0
617,617,0,e0c,e0e,e0d,e0f,e0c,e0e,e0d,e0f,e0c,e0e,e0d,e0f,e0c,e0e,e0d,e0f,0
618,618,0,e10,e12,e11,e13,e10,e12,e11,e13,e10,e12,e11,e13,e10,e12,e11,e13,0
619,619,0,e14,e16,e15,e17,e14,e16,e15,e17,e14,e16,e15,e17,e14,e16,e15,e17,0
620,620,0,e18,e1a,e19,e1b,e18,e1a,e19,e1b,e18,e1a,e19,e1b,e18,e1a,e19,e1b,0
621,621,0,e1c,e1e,e1d,e1f,e1c,e1e,e1d,e1f,e1c,e1e,e1d,e1f,e1c,e1e,e1d,e1f,0
622,622,0,e20,e22,e21,e23,e20,e22,e21,e23,e20,e22,e21,e23,e20,e22,e21,e23,0
623,623,0,e24,e26,e25,e27,e24,e26,e25,e27,e24,e26,e25,e27,e24,e26,e25,e27,0
624,624,0,e28,e2a,e29,e2b,e28,e2a,e29,e2b,e28,e2a,e29,e2b,e28,e2a,e29,e2b,0
625,625,0,e2c,e2e,e2d,e2f,e2c,e2e,e2d,e2f,e2c,e2e,e2d,e2f,e2c,e2e,e2d,e2f,0
626,626,0,e30,e32,e31,e33,e30,e32,e31,e33,e30,e32,e31,e33,e30,e32,e31,e33,0
627,627,0,e34,e36,e35,e37,e34,e36,e35,e37,e34,e36,e35,e37,e34,e36,e35,e37,0
628,628,0,e38,e3a,e39,e3b,e38,e3a,e39,e3b,e38,e3a,e39,e3b,e38,e3a,e39,e3b,0
629,629,0,e3c,e3e,e3d,e3f,e3c,e3e,e3d,e3f,e3c,e3e,e3d,e3f,e3c,e3e,e3d,e3f,0
630,630,0,e40,e42,e41,e43,e40,e42,e41,e43,e40,e42,e41,e43,e40,e42,e41,e43,0
631,631,0,e44,e46,e45,e47,e44,e46,e45,e47,e44,e46,e45,e47,e44,e46,e45,e47,0
632,632,0,e48,e4a,e49,e4b,e48,e4a,e49,e4b,e48,e4a,e49,e4b,e48,e4a,e49,e4b,0
633,633,0,e4c,e4e,e4d,e4f,e4c,e4e,e4d,e4f,e4c,e4e,e4d,e4f,e4c,e4e,e4d,e4f,0
634,634,0,e50,e52,e51,e53,e50,e52,e51,e53,e50,e52,e51,e53,e50,e52,e51,e53,0
635,635,0,e54,e56,e55,e57,e54,e56,e55,e57,e54,e56,e55,e57,e54,e56,e55,e57,0
636,636,0,e58,e5a,e59,e5b,e58,e5a,e59,e5b,e58,e5a,e59,e5b,e58,e5a,e59,e5b,0
637,637,0,e5c,e5e,e5d,e5f,e5c,e5e,e5d,e5f,e5c,e5e,e5d,e5f,e5c,e5e,e5d,e5f,0
638,638,0,e60,e62,e61,e63,e60,e62,e61,e63,e60,e62,e61,e63,e60,e62,e61,e63,0
639,639,0,e64,e66,e65,e67,e64,e66,e65,e67,e64,e66,e65,e67,e64,e66,e65,e67,0
640,640,0,e68,e6a,e69,e6b,e68,e6a,e69,e6b,e68,e6a,e69,e6b,e68,e6a,e69,e6b,0
641,641,0,e6c,e6e,e6d,e6f,e6c,e6e,e6d,e6f,e6c,e6e,e6d,e6f,e6c,e6e,e6d,e6f,0
642,642,0,e70,e72,e71,e73,e70,e72,e71,e73,e70,e72,e71,e73,e70,e72,e71,e73,0
643,643,0,e74,e76,e75,e77,e74,e76,e75,e77,e74,e76,e75,e77,e74,e76,e75,e77,0
644,644,0,e78,e7a,e79,e7b,e78,e7a,e79,e7b,e78,e7a,e79,e7b,e78,e7a,e79,e7b,0
645,645,0,e7c,e7e,e7d,e7f,e7c,e7e,e7d,e7f,e7c,e7e,e7d,e7f,e7c,e7e,e7d,e7f,0
646,646,0,e80,e82,e81,e83,e80,e82,e81,e83,e80,e82,e81,e83,e80,e82,e81,e83,0
647,647,0,e84,e86,e85,e87,e84,e86,e85,e87,e84,e86,e85,e87,e84,e86,e85,e87,0
648,648,0,e88,e8a,e89,e8b,e88,e8a,e89,e8b,e88,e8a,e89,e8b,e88,e8a,e89,e8b,0
649,649,0,e8c,e8e,e8d,e8f,e8c,e8e,e8d,e8f,e8c,e8e,e8d,e8f,e8c,e8e,e8d,e8f,0
650,650,0,e90,e92,e91,e93,e90,e92,e91,e93,e90,e92,e91,e93,e90,e92,e91,e93,0
651,651,0,e94,e96,e95,e97,e94,e96,e95,e97,e94,e96,e95,e97,e94,e96,e95,e97,0
652,652,0,e98,e9a,e99,e9b,e98,e9a,e99,e9b,e98,e9a,e99,e9b,e98,e9a,e99,e9b,0
653,653,0,e9c,e9e,e9d,e9f,e9c,e9e,e9d,e9f,e9c,e9e,e9d,e9f,e9c,e9e,e9d,e9f,0
654,654,0,ea0,ea2,ea1,ea3,ea0,ea2,ea1,ea3,ea0,ea2,ea1,ea3,ea0,ea2,ea1,ea3,0
655,655,0,ea4,ea6,ea5,ea7,ea4,ea6,ea5,ea7,ea4,ea6,ea5,ea7,ea4,ea6,ea5,ea7,0
656,656,0,ea8,eaa,ea9,eab,ea8,eaa,ea9,eab,ea8,eaa,ea9,eab,ea8,eaa,ea9,eab,0
657,657,0,eac,eae,ead,eaf,eac,eae,ead,eaf,eac,eae,ead,eaf,eac,eae,ead,eaf,0
658,658,0,eb0,eb2,eb1,eb3,eb0,eb2,eb1,eb3,eb0,eb2,eb1,eb3,eb0,eb2,eb1,eb3,0
659,659,0,eb4,eb6,eb5,eb7,eb4,eb6,eb5,eb7,eb4,eb6,eb5,eb7,eb4,eb6,eb5,eb7,0
660,660,0,eb8,eba,eb9,ebb,eb8,eba,eb9,ebb,eb8,eba,eb9,ebb,eb8,eba,eb9,ebb,0
661,661,0,ebc,ebe,ebd,ebf,ebc,ebe,ebd,ebf,ebc,ebe,ebd,ebf,ebc,ebe,ebd,ebf,0
662,662,0,ec0,ec2,ec1,ec3,ec0,ec2,ec1,ec3,ec0,ec2,ec1,ec3,ec0,ec2,ec1,ec3,0
663,663,0,ec4,ec6,ec5,ec7,ec4,ec6,ec5,ec7,ec4,ec6,ec5,ec7,ec4,ec6,ec5,ec7,0
664,664,0,ec8,eca,ec9,ecb,ec8,eca,ec9,ecb,ec8,eca,ec9,ecb,ec8,eca,ec9,ecb,0
665,665,0,ecc,ece,ecd,ecf,ecc,ece,ecd,ecf,ecc,ece,ecd,ecf,ecc,ece,ecd,ecf,0
666,666,0,ed0,ed2,ed1,ed3,ed0,ed2,ed1,ed3,ed0,ed2,ed1,ed3,ed0,ed2,ed1,ed3,0
667,667,0,ed4,ed6,ed5,ed7,ed4,ed6,ed5,ed7,ed4,ed6,ed5,ed7,ed4,ed6,ed5,ed7,0
668,668,0,ed8,eda,ed9,edb,ed8,eda,ed9,edb,ed8,eda,ed9,edb,ed8,eda,ed9,edb,0
669,669,0,edc,ede,edd,edf,edc,ede,edd,edf,edc,ede,edd,edf,edc,ede,edd,edf,0
670,670,0,ee0,ee2,ee1,ee3,ee0,ee2,ee1,ee3,ee0,ee2,ee1,ee3,ee0,ee2,ee1,ee3,0
671,671,0,ee4,ee6,ee5,ee7,ee4,ee6,ee5,ee7,ee4,ee6,ee5,ee7,ee4,ee6,ee5,ee7,0
672,672,0,ee8,eea,ee9,eeb,ee8,eea,ee9,eeb,ee8,eea,ee9,eeb,ee8,eea,ee9,eeb,0
673,673,0,eec,eee,eed,eef,eec,eee,eed,eef,eec,eee,eed,eef,eec,eee,eed,eef,0
674,674,0,ef0,ef2,ef1,ef3,ef0,ef2,ef1,ef3,ef0,ef2,ef1,ef3,ef0,ef2,ef1,ef3,0
675,675,0,ef4,ef6,ef5,ef7,ef4,ef6,ef5,ef7,ef4,ef6,ef5,ef7,ef4,ef6,ef5,ef7,0
676,676,0,ef8,efa,ef9,efb,ef8,efa,ef9,efb,ef8,efa,ef9,efb,ef8,efa,ef9,efb,0
677,677,0,efc,efe,efd,eff,efc,efe,efd,eff,efc,efe,efd,eff,efc,efe,efd,eff,0
678,678,0,f00,f02,f01,f03,f00,f02,f01,f03,f00,f02,f01,f03,f00,f02,f01,f03,0
679,679,0,f04,f06,f05,f07,f04,f06,f05,f07,f04,f06,f05,f07,f04,f06,f05,f07,0
680,680,0,f08,f0a,f09,f0b,f08,f0a,f09,f0b,f08,f0a,f09,f0b,f08,f0a,f09,f0b,0
681,681,0,f0c,f0e,f0d,f0f,f0c,f0e,f0d,f0f,f0c,f0e,f0d,f0f,f0c,f0e,f0d,f0f,0
682,682,0,f10,f12,f11,f13,f10,f12,f11,f13,f10,f12,f11,f13,f10,f12,f11,f13,0
683,683,0,f14,f16,f15,f17,f14,f16,f15,f17,f14,f16,f15,f17,f14,f16,f15,f17,0
684,684,0,f18,f1a,f19,f1b,f18,f1a,f19,f1b,f18,f1a,f19,f1b,f18,f1a,f19,f1b,0
685,685,0,f1c,f1e,f1d,f1f,f1c,f1e,f1d,f1f,f1c,f1e,f1d,f1f,f1c,f1e,f1d,f1f,0
686,686,0,f20,f22,f21,f23,f20,f22,f21,f23,f20,f22,f21,f23,f20,f22,f21,f23,0
687,687,0,f24,f26,f25,f27,f24,f26,f25,f27,f24,f26,f25,f27,f24,f26,f25,f27,0
688,688,0,f28,f2a,f29,f2b,f28,f2a,f29,f2b,f28,f2a,f29,f2b,f28,f2a,f29,f2b,0
689,689,0,f2c,f2e,f2d,f2f,f2c,f2e,f2d,f2f,f2c,f2e,f2d,f2f,f2c,f2e,f2d,f2f,0
690,690,0,f30,f32,f31,f33,f30,f32,f31,f33,f30,f32,f31,f33,f30,f32,f31,f33,0
691,691,0,f34,f36,f35,f37,f34,f36,f35,f37,f34,f36,f35,f37,f34,f36,f35,f37,0
692,692,0,f38,f3a,f39,f3b,f38,f3a,f39,f3b,f38,f3a,f39,f3b,f38,f3a,f39,f3b,0
693,693,0,f3c,f3e,f3d,f3f,f3c,f3e,f3d,f3f,f3c,f3e,f3d,f3f,f3c,f3e,f3d,f3f,0
694,694,0,f40,f42,f41,f43,f40,f42,f41,f43,f40,f42,f41,f43,f40,f42,f41,f43,0
695,695,0,f44,f46,f45,f47,f44,f46,f45,f47,f44,f46,f45,f47,f44,f46,f45,f47,0
696,696,0,f48,f4a,f49,f4b,f48,f4a,f49,f4b,f48,f4a,f49,f4b,f48,f4a,f49,f4b,0
697,697,0,f4c,f4e,f4d,f4f,f4c,f4e,f4d,f4f,f4c,f4e,f4d,f4f,f4c,f4e,f4d,f4f,0
698,698,0,f50,f52,f51,f53,f50,f52,f51,f53,f50,f52,f51,f53,f50,f52,f51,f53,0
699,699,0,f54,f56,f55,f57,f54,f56,f55,f57,f54,f56,f55,f57,f54,f56,f55,f57,0
700,700,0,f58,f5a,f59,f5b,f58,f5a,f59,f5b,f58,f5a,f59,f5b,f58,f5a,f59,f5b,0
701,701,0,f5c,f5e,f5d,f5f,f5c,f5e,f5d,f5f,f5c,f5e,f5d,f5f,f5c,f5e,f5d,f5f,0
702,702,0,f60,f62,f61,f63,f60,f62,f61,f63,f60,f62,f61,f63,f60,f62,f61,f63,0
703,703,0,f64,f66,f65,f67,f64,f66,f65,f67,f64,f66,f65,f67,f64,f66,f65,f67,0
704,704,0,f68,f6a,f69,f6b,f68,f6a,f69,f6b,f68,f6a,f69,f6b,f68,f6a,f69,f6b,0
705,705,0,f6c,f6e,f6d,f6f,f6c,f6e,f6d,f6f,f6c,f6e,f6d,f6f,f6c,f6e,f6d,f6f,0
706,706,0,f70,f72,f71,f73,f70,f72,f71,f73,f70,f72,f71,f73,f70,f72,f71,f73,0
707,707,0,f74,f76,f75,f77,f74,f76,f75,f77,f74,f76,f75,f77,f74,f76,f75,f77,0
708,708,0,f78,f7a,f79,f7b,f78,f7a,f79,f7b,f78,f7a,f79,f7b,f78,f7a,f79,f7b,0
709,709,0,f7c,f7e,f7d,f7f,f7c,f7e,f7d,f7f,f7c,f7e,f7d,f7f,f7c,f7e,f7d,f7f,0
710,710,0,f80,f82,f81,f83,f80,f82,f81,f83,f80,f82,f81,f83,f80,f82,f81,f83,0
711,711,0,f84,f86,f85,f87,f84,f86,f85,f87,f84,f86,f85,f87,f84,f86,f85,f87,0
712,712,0,f88,f8a,f89,f8b,f88,f8a,f89,f8b,f88,f8a,f89,f8b,f88,f8a,f89,f8b,0
713,713,0,f8c,f8e,f8d,f8f,f8c,f8e,f8d,f8f,f8c,f8e,f8d,f8f,f8c,f8e,f8d,f8f,0
714,714,0,f90,f92,f91,f93,f90,f92,f91,f93,f90,f92,f91,f93,f90,f92,f91,f93,0
715,715,0,f94,f96,f95,f97,f94,f96,f95,f97,f94,f96,f95,f97,f94,f96,f95,f97,0
716,716,0,f98,f9a,f99,f9b,f98,f9a,f99,f9b,f98,f9a,f99,f9b,f98,f9a,f99,f9b,0
717,717,0,f9c,f9e,f9d,f9f,f9c,f9e,f9d,f9f,f9c,f9e,f9d,f9f,f9c,f9e,f9d,f9f,0
718,718,0,fa0,fa2,fa1,fa3,fa0,fa2,fa1,fa3,fa0,fa2,fa1,fa3,fa0,fa2,fa1,fa3,0
719,719,0,fa4,fa6,fa5,fa7,fa4,fa6,fa5,fa7,fa4,fa6,fa5,fa7,fa4,fa6,fa5,fa7,0
720,720,0,fa8,faa,fa9,fab,fa8,faa,fa9,fab,fa8,faa,fa9,fab,fa8,faa,fa9,fab,0
721,721,0,fac,fae,fad,faf,fac,fae,fad,faf,fac,fae,fad,faf,fac,fae,fad,faf,0
722,722,0,fb0,fb2,fb1,fb3,fb0,fb2,fb1,fb3,fb0,fb2,fb1,fb3,fb0,fb2,fb1,fb3,0
723,723,0,fb4,fb6,fb5,fb7,fb4,fb6,fb5,fb7,fb4,fb6,fb5,fb7,fb4,fb6,fb5,fb7,0
724,724,0,fb8,fba,fb9,fbb,fb8,fba,fb9,fbb,fb8,fba,fb9,fbb,fb8,fba,fb9,fbb,0
725,725,0,fbc,fbe,fbd,fbf,fbc,fbe,fbd,fbf,fbc,fbe,fbd,fbf,fbc,fbe,fbd,fbf,0
726,726,0,fc0,fc2,fc1,fc3,fc0,fc2,fc1,fc3,fc0,fc2,fc1,fc3,fc0,fc2,fc1,fc3,0
727,727,0,fc4,fc6,fc5,fc7,fc4,fc6,fc5,fc7,fc4,fc6,fc5,fc7,fc4,fc6,fc5,fc7,0
728,728,0,fc8,fca,fc9,fcb,fc8,fca,fc9,fcb,fc8,fca,fc9,fcb,fc8,fca,fc9,fcb,0
729,729,0,fcc,fce,fcd,fcf,fcc,fce,fcd,fcf,fcc,fce,fcd,fcf,fcc,fce,fcd,fcf,0
730,730,0,fd0,fd2,fd1,fd3,fd0,fd2,fd1,fd3,fd0,fd2,fd1,fd3,fd0,fd2,fd1,fd3,0
731,731,0,fd4,fd6,fd5,fd7,fd4,fd6,fd5,fd7,fd4,fd6,fd5,fd7,fd4,fd6,fd5,fd7,0
732,732,0,fd8,fda,fd9,fdb,fd8,fda,fd9,fdb,fd8,fda,fd9,fdb,fd8,fda,fd9,fdb,0
733,733,0,fdc,fde,fdd,fdf,fdc,fde,fdd,fdf,fdc,fde,fdd,fdf,fdc,fde,fdd,fdf,0
734,734,0,fe0,fe2,fe1,fe3,fe0,fe2,fe1,fe3,fe0,fe2,fe1,fe3,fe0,fe2,fe1,fe3,0
735,735,0,fe4,fe6,fe5,fe7,fe4,fe6,fe5,fe7,fe4,fe6,fe5,fe7,fe4,fe6,fe5,fe7,0
736,736,0,fe8,fea,fe9,feb,fe8,fea,fe9,feb,fe8,fea,fe9,feb,fe8,fea,fe9,feb,0
737,737,0,fec,fee,fed,fef,fec,fee,fed,fef,fec,fee,fed,fef,fec,fee,fed,fef,0
738,738,0,ff0,ff2,ff1,ff3,ff0,ff2,ff1,ff3,ff0,ff2,ff1,ff3,ff0,ff2,ff1,ff3,0
739,739,0,ff4,ff6,ff5,ff7,ff4,ff6,ff5,ff7,ff4,ff6,ff5,ff7,ff4,ff6,ff5,ff7,0
740,740,0,ff8,ffa,ff9,ffb,ff8,ffa,ff9,ffb,ff8,ffa,ff9,ffb,ff8,ffa,ff9,ffb,0
741,741,0,ffc,ffe,ffd,fff,ffc,ffe,ffd,fff,ffc,ffe,ffd,fff,ffc,ffe,ffd,fff,0
742,742,0,000,002,001,003,000,002,001,003,000,002,001,003,000,002,001,003,0
743,743,0,004,006,005,007,004,006,005,007,004,006,005,007,004,006,005,007,0
744,744,0,008,00a,009,00b,008,00a,009,00b,008,00a,009,00b,008,00a,009,00b,0
745,745,0,00c,00e,00d,00f,00c,00e,00d,00f,00c,00e,00d,00f,00c,00e,00d,00f,0
746,746,0,010,012,011,013,010,012,011,013,010,012,011,013,010,012,011,013,0
747,747,0,014,016,015,017,014,016,015,017,014,016,015,017,014,016,015,017,0
748,748,0,018,01a,019,01b,018,01a,019,01b,018,01a,019,01b,018,01a,019,01b,0
749,749,0,01c,01e,01d,01f,01c,01e,01d,01f,01c,01e,01d,01f,01c,01e,01d,01f,0
750,750,0,020,022,021,023,020,022,021,023,020,022,021,023,020,022,021,023,0
751,751,0,024,026,025,027,024,026,025,027,024,026,025,027,024,026,025,027,0
752,752,0,028,02a,029,02b,028,02a,029,02b,028,02a,029,02b,028,02a,029,02b,0
753,753,0,02c,02e,02d,02f,02c,02e,02d,02f,02c,02e,02d,02f,02c,02e,02d,02f,0
754,754,0,030,032,031,033,030,032,031,033,030,032,031,033,030,032,031,033,0
755,755,0,034,036,035,037,034,036,035,037,034,036,035,037,034,036,035,037,0
756,756,0,038,03a,039,03b,038,03a,039,03b,038,03a,039,03b,038,03a,039,03b,0
757,757,0,03c,03e,03d,03f,03c,03e,03d,03f,03c,03e,03d,03f,03c,03e,03d,03f,0
758,758,0,040,042,041,043,040,042,041,043,040,042,041,043,040,042,041,043,0
759,759,0,044,046,045,047,044,046,045,047,044,046,045,047,044,046,045,047,0
760,760,0,048,04a,049,04b,048,04a,049,04b,048,04a,049,04b,048,04a,049,04b,0
761,761,0,04c,04e,04d,04f,04c,04e,04d,04f,04c,04e,04d,04f,04c,04e,04d,04f,0
762,762,0,050,052,051,053,050,052,051,053,050,052,051,053,050,052,051,053,0
763,763,0,054,056,055,057,054,056,055,057,054,056,055,057,054,056,055,057,0
764,764,0,058,05a,059,05b,058,05a,059,05b,058,05a,059,05b,058,05a,059,05b,0
765,765,0,05c,05e,05d,05f,05c,05e,05d,05f,05c,05e,05d,05f,05c,05e,05d,05f,0
766,766,0,060,062,061,063,060,062,061,063,060,062,061,063,060,062,061,063,0
767,767,0,064,066,065,067,064,066,065,067,064,066,065,067,064,066,065,067,0
768,768,0,068,06a,069,06b,068,06a,069,06b,068,06a,069,06b,068,06a,069,06b,0
769,769,0,06c,06e,06d,06f,06c,06e,06d,06f,06c,06e,06d,06f,06c,06e,06d,06f,0
770,770,0,070,072,071,073,070,072,071,073,070,072,071,073,070,072,071,073,0
771,771,0,074,076,075,077,074,076,075,077,074,076,075,077,074,076,075,077,0
772,772,0,078,07a,079,07b,078,07a,079,07b,078,07a,079,07b,078,07a,079,07b,0
773,773,0,07c,07e,07d,07f,07c,07e,07d,07f,07c,07e,07d,07f,07c,07e,07d,07f,0
774,774,0,080,082,081,083,080,082,081,083,080,082,081,083,080,082,081,083,0
775,775,0,084,086,085,087,084,086,085,087,084,086,085,087,084,086,085,087,0
776,776,0,088,08a,089,08b,088,08a,089,08b,088,08a,089,08b,088,08a,089,08b,0
777,777,0,08c,08e,08d,08f,08c,08e,08d,08f,08c,08e,08d,08f,08c,08e,08d,08f,0
778,778,0,090,092,091,093,090,092,091,093,090,092,091,093,090,092,091,093,0
779,779,0,094,096,095,097,094,096,095,097,094,096,095,097,094,096,095,097,0
780,780,0,098,09a,099,09b,098,09a,099,09b,098,09a,099,09b,098,09a,099,09b,0
781,781,0,09c,09e,09d,09f,09c,09e,09d,09f,09c,09e,09d,09f,09c,09e,09d,09f,0
782,782,0,0a0,0a2,0a1,0a3,0a0,0a2,0a1,0a3,0a0,0a2,0a1,0a3,0a0,0a2,0a1,0a3,0
783,783,0,0a4,0a6,0a5,0a7,0a4,0a6,0a5,0a7,0a4,0a6,0a5,0a7,0a4,0a6,0a5,0a7,0
784,784,0,0a8,0aa,0a9,0ab,0a8,0aa,0a9,0ab,0a8,0aa,0a9,0ab,0a8,0aa,0a9,0ab,0
785,785,0,0ac,0ae,0ad,0af,0ac,0ae,0ad,0af,0ac,0ae,0ad,0af,0ac,0ae,0ad,0af,0
786,786,0,0b0,0b2,0b1,0b3,0b0,0b2,0b1,0b3,0b0,0b2,0b1,0b3,0b0,0b2,0b1,0b3,0
787,787,0,0b4,0b6,0b5,0b7,0b4,0b6,0b5,0b7,0b4,0b6,0b5,0b7,0b4,0b6,0b5,0b7,0
788,788,0,0b8,0ba,0b9,0bb,0b8,0ba,0b9,0bb,0b8,0ba,0b9,0bb,0b8,0ba,0b9,0bb,0
789,789,0,0bc,0be,0bd,0bf,0bc,0be,0bd,0bf,0bc,0be,0bd,0bf,0bc,0be,0bd,0bf,0
790,790,0,0c0,0c2,0c1,0c3,0c0,0c2,0c1,0c3,0c0,0c2,0c1,0c3,0c0,0c2,0c1,0c3,0
791,791,0,0c4,0c6,0c5,0c7,0c4,0c6,0c5,0c7,0c4,0c6,0c5,0c7,0c4,0c6,0c5,0c7,0
792,792,0,0c8,0ca,0c9,0cb,0c8,0ca,0c9,0cb,0c8,0ca,0c9,0cb,0c8,0ca,0c9,0cb,0
793,793,0,0cc,0ce,0cd,0cf,0cc,0ce,0cd,0cf,0cc,0ce,0cd,0cf,0cc,0ce,0cd,0cf,0
794,794,0,0d0,0d2,0d1,0d3,0d0,0d2,0d1,0d3,0d0,0d2,0d1,0d3,0d0,0d2,0d1,0d3,0
795,795,0,0d4,0d6,0d5,0d7,0d4,0d6,0d5,0d7,0d4,0d6,0d5,0d7,0d4,0d6,0d5,0d7,0
796,796,0,0d8,0da,0d9,0db,0d8,0da,0d9,0db,0d8,0da,0d9,0db,0d8,0da,0d9,0db,0
797,797,0,0dc,0de,0dd,0df,0dc,0de,0dd,0df,0dc,0de,0dd,0df,0dc,0de,0dd,0df,0
798,798,0,0e0,0e2,0e1,0e3,0e0,0e2,0e1,0e3,0e0,0e2,0e1,0e3,0e0,0e2,0e1,0e3,0
799,799,0,0e4,0e6,0e5,0e7,0e4,0e6,0e5,0e7,0e4,0e6,0e5,0e7,0e4,0e6,0e5,0e7,0
800,800,0,0e8,0ea,0e9,0eb,0e8,0ea,0e9,0eb,0e8,0ea,0e9,0eb,0e8,0ea,0e9,0eb,0
801,801,0,0ec,0ee,0ed,0ef,0ec,0ee,0ed,0ef,0ec,0ee,0ed,0ef,0ec,0ee,0ed,0ef,0
802,802,0,0f0,0f2,0f1,0f3,0f0,0f2,0f1,0f3,0f0,0f2,0f1,0f3,0f0,0f2,0f1,0f3,0
803,803,0,0f4,0f6,0f5,0f7,0f4,0f6,0f5,0f7,0f4,0f6,0f5,0f7,0f4,0f6,0f5,0f7,0
804,804,0,0f8,0fa,0f9,0fb,0f8,0fa,0f9,0fb,0f8,0fa,0f9,0fb,0f8,0fa,0f9,0fb,0
805,805,0,0fc,0fe,0fd,0ff,0fc,0fe,0fd,0ff,0fc,0fe,0fd,0ff,0fc,0fe,0fd,0ff,0
806,806,0,100,102,101,103,100,102,101,103,100,102,101,103,100,102,101,103,0
807,807,0,104,106,105,107,104,106,105,107,104,106,105,107,104,106,105,107,0
808,808,0,108,10a,109,10b,108,10a,109,10b,108,10a,109,10b,108,10a,109,10b,0
809,809,0,10c,10e,10d,10f,10c,10e,10d,10f,10c,10e,10d,10f,10c,10e,10d,10f,0
810,810,0,110,112,111,113,110,112,111,113,110,112,111,113,110,112,111,113,0
811,811,0,114,116,115,117,114,116,115,117,114,116,115,117,114,116,115,117,0
812,812,0,118,11a,119,11b,118,11a,119,11b,118,11a,119,11b,118,11a,119,11b,0
813,813,0,11c,11e,11d,11f,11c,11e,11d,11f,11c,11e,11d,11f,11c,11e,11d,11f,0
814,814,0,120,122,121,123,120,122,121,123,120,122,121,123,120,122,121,123,0
815,815,0,124,126,125,127,124,126,125,127,124,126,125,127,124,126,125,127,0
816,816,0,128,12a,129,12b,128,12a,129,12b,128,12a,129,12b,128,12a,129,12b,0
817,817,0,12c,12e,12d,12f,12c,12e,12d,12f,12c,12e,12d,12f,12c,12e,12d,12f,0
818,818,0,130,132,131,133,130,132,131,133,130,132,131,133,130,132,131,133,0
819,819,0,134,136,135,137,134,136,135,137,134,136,135,137,134,136,135,137,0
820,820,0,138,13a,139,13b,138,13a,139,13b,138,13a,139,13b,138,13a,139,13b,0
821,821,0,13c,13e,13d,13f,13c,13e,13d,13f,13c,13e,13d,13f,13c,13e,13d,13f,0
822,822,0,140,142,141,143,140,142,141,143,140,142,141,143,140,142,141,143,0
823,823,0,144,146,145,147,144,146,145,147,144,146,145,147,144,146,145,147,0
824,824,0,148,14a,149,14b,148,14a,149,14b,148,14a,149,14b,148,14a,149,14b,0
825,825,0,14c,14e,14d,14f,14c,14e,14d,14f,14c,14e,14d,14f,14c,14e,14d,14f,0
826,826,0,150,152,151,153,150,152,151,153,150,152,151,153,150,152,151,153,0
827,827,0,154,156,155,157,154,156,155,157,154,156,155,157,154,156,155,157,0
828,828,0,158,15a,159,15b,158,15a,159,15b,158,15a,159,15b,158,15a,159,15b,0
829,829,0,15c,15e,15d,15f,15c,15e,15d,15f,15c,15e,15d,15f,15c,15e,15d,15f,0
830,830,0,160,162,161,163,160,162,161,163,160,162,161,163,160,162,161,163,0
831,831,0,164,166,165,167,164,166,165,167,164,166,165,167,164,166,165,167,0
832,832,0,168,16a,169,16b,168,16a,169,16b,168,16a,169,16b,168,16a,169,16b,0
833,833,0,16c,16e,16d,16f,16c,16e,16d,16f,16c,16e,16d,16f,16c,16e,16d,16f,0
834,834,0,170,172,171,173,170,172,171,173,170,172,171,173,170,172,171,173,0
835,835,0,174,176,175,177,174,176,175,177,174,176,175,177,174,176,175,177,0
836,836,0,178,17a,179,17b,178,17a,179,17b,178,17a,179,17b,178,17a,179,17b,0
837,837,0,17c,17e,17d,17f,17c,17e,17d,17f,17c,17e,17d,17f,17c,17e,17d,17f,0
838,838,0,180,182,181,183,180,182,181,183,180,182,181,183,180,182,181,183,0
839,839,0,184,186,185,187,184,186,185,187,184,186,185,187,184,186,185,187,0
840,840,0,188,18a,189,18b,188,18a,189,18b,188,18a,189,18b,188,18a,189,18b,0
841,841,0,18c,18e,18d,18f,18c,18e,18d,18f,18c,18e,18d,18f,18c,18e,18d,18f,0
842,842,0,190,192,191,193,190,192,191,193,190,192,191,193,190,192,191,193,0
843,843,0,194,196,195,197,194,196,195,197,194,196,195,197,194,196,195,197,0
844,844,0,198,19a,199,19b,198,19a,199,19b,198,19a,199,19b,198,19a,199,19b,0
845,845,0,19c,19e,19d,19f,19c,19e,19d,19f,19c,19e,19d,19f,19c,19e,19d,19f,0
846,846,0,1a0,1a2,1a1,1a3,1a0,1a2,1a1,1a3,1a0,1a2,1a1,1a3,1a0,1a2,1a1,1a3,0
847,847,0,1a4,1a6,1a5,1a7,1a4,1a6,1a5,1a7,1a4,1a6,1a5,1a7,1a4,1a6,1a5,1a7,0
848,848,0,1a8,1aa,1a9,1ab,1a8,1aa,1a9,1ab,1a8,1aa,1a9,1ab,1a8,1aa,1a9,1ab,0
849,849,0,1ac,1ae,1ad,1af,1ac,1ae,1ad,1af,1ac,1ae,1ad,1af,1ac,1ae,1ad,1af,0
850,850,0,1b0,1b2,1b1,1b3,1b0,1b2,1b1,1b3,1b0,1b2,1b1,1b3,1b0,1b2,1b1,1b3,0
851,851,0,1b4,1b6,1b5,1b7,1b4,1b6,1b5,1b7,1b4,1b6,1b5,1b7,1b4,1b6,1b5,1b7,0
852,852,0,1b8,1ba,1b9,1bb,1b8,1ba,1b9,1bb,1b8,1ba,1b9,1bb,1b8,1ba,1b9,1bb,0
853,853,0,1bc,1be,1bd,1bf,1bc,1be,1bd,1bf,1bc,1be,1bd,1bf,1bc,1be,1bd,1bf,0
854,854,0,1c0,1c2,1c1,1c3,1c0,1c2,1c1,1c3,1c0,1c2,1c1,1c3,1c0,1c2,1c1,1c3,0
855,855,0,1c4,1c6,1c5,1c7,1c4,1c6,1c5,1c7,1c4,1c6,1c5,1c7,1c4,1c6,1c5,1c7,0
856,856,0,1c8,1ca,1c9,1cb,1c8,1ca,1c9,1cb,1c8,1ca,1c9,1cb,1c8,1ca,1c9,1cb,0
857,857,0,1cc,1ce,1cd,1cf,1cc,1ce,1cd,1cf,1cc,1ce,1cd,1cf,1cc,1ce,1cd,1cf,0
858,858,0,1d0,1d2,1d1,1d3,1d0,1d2,1d1,1d3,1d0,1d2,1d1,1d3,1d0,1d2,1d1,1d3,0
859,859,0,1d4,1d6,1d5,1d7,1d4,1d6,1d5,1d7,1d4,1d6,1d5,1d7,1d4,1d6,1d5,1d7,0
860,860,0,1d8,1da,1d9,1db,1d8,1da,1d9,1db,1d8,1da,1d9,1db,1d8,1da,1d9,1db,0
861,861,0,1dc,1de,1dd,1df,1dc,1de,1dd,1df,1dc,1de,1dd,1df,1dc,1de,1dd,1df,0
862,862,0,1e0,1e2,1e1,1e3,1e0,1e2,1e1,1e3,1e0,1e2,1e1,1e3,1e0,1e2,1e1,1e3,0
863,863,0,1e4,1e6,1e5,1e7,1e4,1e6,1e5,1e7,1e4,1e6,1e5,1e7,1e4,1e6,1e5,1e7,0
864,864,0,1e8,1ea,1e9,1eb,1e8,1ea,1e9,1eb,1e8,1ea,1e9,1eb,1e8,1ea,1e9,1eb,0
865,865,0,1ec,1ee,1ed,1ef,1ec,1ee,1ed,1ef,1ec,1ee,1ed,1ef,1ec,1ee,1ed,1ef,0
866,866,0,1f0,1f2,1f1,1f3,1f0,1f2,1f1,1f3,1f0,1f2,1f1,1f3,1f0,1f2,1f1,1f3,0
867,867,0,1f4,1f6,1f5,1f7,1f4,1f6,1f5,1f7,1f4,1f6,1f5,1f7,1f4,1f6,1f5,1f7,0
868,868,0,1f8,1fa,1f9,1fb,1f8,1fa,1f9,1fb,1f8,1fa,1f9,1fb,1f8,1fa,1f9,1fb,0
869,869,0,1fc,1fe,1fd,1ff,1fc,1fe,1fd,1ff,1fc,1fe,1fd,1ff,1fc,1fe,1fd,1ff,0
870,870,0,200,202,201,203,200,202,201,203,200,202,201,203,200,202,201,203,0
871,871,0,204,206,205,207,204,206,205,207,204,206,205,207,204,206,205,207,0
872,872,0,208,20a,209,20b,208,20a,209,20b,208,20a,209,20b,208,20a,209,20b,0
873,873,0,20c,20e,20d,20f,20c,20e,20d,20f,20c,20e,20d,20f,20c,20e,20d,20f,0
874,874,0,210,212,211,213,210,212,211,213,210,212,211,213,210,212,211,213,0
875,875,0,214,216,215,217,214,216,215,217,214,216,215,217,214,216,215,217,0
876,876,0,218,21a,219,21b,218,21a,219,21b,218,21a,219,21b,218,21a,219,21b,0
877,877,0,21c,21e,21d,21f,21c,21e,21d,21f,21c,21e,21d,21f,21c,21e,21d,21f,0
878,878,0,220,222,221,223,220,222,221,223,220,222,221,223,220,222,221,223,0
879,879,0,224,226,225,227,224,226,225,227,224,226,225,227,224,226,225,227,0
880,880,0,228,22a,229,22b,228,22a,229,22b,228,22a,229,22b,228,22a,229,22b,0
881,881,0,22c,22e,22d,22f,22c,22e,22d,22f,22c,22e,22d,22f,22c,22e,22d,22f,0
882,882,0,230,232,231,233,230,232,231,233,230,232,231,233,230,232,231,233,0
883,883,0,234,236,235,237,234,236,235,237,234,236,235,237,234,236,235,237,0
884,884,0,238,23a,239,23b,238,23a,239,23b,238,23a,239,23b,238,23a,239,23b,0
885,885,0,23c,23e,23d,23f,23c,23e,23d,23f,23c,23e,23d,23f,23c,23e,23d,23f,0
886,886,0,240,242,241,243,240,242,241,243,240,242,241,243,240,242,241,243,0
887,887,0,244,246,245,247,244,246,245,247,244,246,245,247,244,246,245,247,0
888,888,0,248,24a,249,24b,248,24a,249,24b,248,24a,249,24b,248,24a,249,24b,0
889,889,0,24c,24e,24d,24f,24c,24e,24d,24f,24c,24e,24d,24f,24c,24e,24d,24f,0
890,890,0,250,252,251,253,250,252,251,253,250,252,251,253,250,252,251,253,0
891,891,0,254,256,255,257,254,256,255,257,254,256,255,257,254,256,255,257,0
892,892,0,258,25a,259,25b,258,25a,259,25b,258,25a,259,25b,258,25a,259,25b,0
893,893,0,25c,25e,25d,25f,25c,25e,25d,25f,25c,25e,25d,25f,25c,25e,25d,25f,0
894,894,0,260,262,261,263,260,262,261,263,260,262,261,263,260,262,261,263,0
895,895,0,264,266,265,267,264,266,265,267,264,266,265,267,264,266,265,267,0
896,896,0,268,26a,269,26b,268,26a,269,26b,268,26a,269,26b,268,26a,269,26b,0
897,897,0,26c,26e,26d,26f,26c,26e,26d,26f,26c,26e,26d,26f,26c,26e,26d,26f,0
898,898,0,270,272,271,273,270,272,271,273,270,272,271,273,270,272,271,273,0
899,899,0,274,276,275,277,274,276,275,277,274,276,275,277,274,276,275,277,0
900,900,0,278,27a,279,27b,278,27a,279,27b,278,27a,279,27b,278,27a,279,27b,0
901,901,0,27c,27e,27d,27f,27c,27e,27d,27f,27c,27e,27d,27f,27c,27e,27d,27f,0
902,902,0,280,282,281,283,280,282,281,283,280,282,281,283,280,282,281,283,0
903,903,0,284,286,285,287,284,286,285,287,284,286,285,287,284,286,285,287,0
904,904,0,288,28a,289,28b,288,28a,289,28b,288,28a,289,28b,288,28a,289,28b,0
905,905,0,28c,28e,28d,28f,28c,28e,28d,28f,28c,28e,28d,28f,28c,28e,28d,28f,0
906,906,0,290,292,291,293,290,292,291,293,290,292,291,293,290,292,291,293,0
907,907,0,294,296,295,297,294,296,295,297,294,296,295,297,294,296,295,297,0
908,908,0,298,29a,299,29b,298,29a,299,29b,298,29a,299,29b,298,29a,299,29b,0
909,909,0,29c,29e,29d,29f,29c,29e,29d,29f,29c,29e,29d,29f,29c,29e,29d,29f,0
910,910,0,2a0,2a2,2a1,2a3,2a0,2a2,2a1,2a3,2a0,2a2,2a1,2a3,2a0,2a2,2a1,2a3,0
911,911,0,2a4,2a6,2a5,2a7,2a4,2a6,2a5,2a7,2a4,2a6,2a5,2a7,2a4,2a6,2a5,2a7,0
912,912,0,2a8,2aa,2a9,2ab,2a8,2aa,2a9,2ab,2a8,2aa,2a9,2ab,2a8,2aa,2a9,2ab,0
913,913,0,2ac,2ae,2ad,2af,2ac,2ae,2ad,2af,2ac,2ae,2ad,2af,2ac,2ae,2ad,2af,0
914,914,0,2b0,2b2,2b1,2b3,2b0,2b2,2b1,2b3,2b0,2b2,2b1,2b3,2b0,2b2,2b1,2b3,0
915,915,0,2b4,2b6,2b5,2b7,2b4,2b6,2b5,2b7,2b4,2b6,2b5,2b7,2b4,2b6,2b5,2b7,0
916,916,0,2b8,2ba,2b9,2bb,2b8,2ba,2b9,2bb,2b8,2ba,2b9,2bb,2b8,2ba,2b9,2bb,0
917,917,0,2bc,2be,2bd,2bf,2bc,2be,2bd,2bf,2bc,2be,2bd,2bf,2bc,2be,2bd,2bf,0
918,918,0,2c0,2c2,2c1,2c3,2c0,2c2,2c1,2c3,2c0,2c2,2c1,2c3,2c0,2c2,2c1,2c3,0
919,919,0,2c4,2c6,2c5,2c7,2c4,2c6,2c5,2c7,2c4,2c6,2c5,2c7,2c4,2c6,2c5,2c7,0
920,920,0,2c8,2ca,2c9,2cb,2c8,2ca,2c9,2cb,2c8,2ca,2c9,2cb,2c8,2ca,2c9,2cb,0
921,921,0,2cc,2ce,2cd,2cf,2cc,2ce,2cd,2cf,2cc,2ce,2cd,2cf,2cc,2ce,2cd,2cf,0
922,922,0,2d0,2d2,2d1,2d3,2d0,2d2,2d1,2d3,2d0,2d2,2d1,2d3,2d0,2d2,2d1,2d3,0
923,923,0,2d4,2d6,2d5,2d7,2d4,2d6,2d5,2d7,2d4,2d6,2d5,2d7,2d4,2d6,2d5,2d7,0
924,924,0,2d8,2da,2d9,2db,2d8,2da,2d9,2db,2d8,2da,2d9,2db,2d8,2da,2d9,2db,0
925,925,0,2dc,2de,2dd,2df,2dc,2de,2dd,2df,2dc,2de,2dd,2df,2dc,2de,2dd,2df,0
926,926,0,2e0,2e2,2e1,2e3,2e0,2e2,2e1,2e3,2e0,2e2,2e1,2e3,2e0,2e2,2e1,2e3,0
927,927,0,2e4,2e6,2e5,2e7,2e4,2e6,2e5,2e7,2e4,2e6,2e5,2e7,2e4,2e6,2e5,2e7,0
928,928,0,2e8,2ea,2e9,2eb,2e8,2ea,2e9,2eb,2e8,2ea,2e9,2eb,2e8,2ea,2e9,2eb,0
929,929,0,2ec,2ee,2ed,2ef,2ec,2ee,2ed,2ef,2ec,2ee,2ed,2ef,2ec,2ee,2ed,2ef,0
930,930,0,2f0,2f2,2f1,2f3,2f0,2f2,2f1,2f3,2f0,2f2,2f1,2f3,2f0,2f2,2f1,2f3,0
931,931,0,2f4,2f6,2f5,2f7,2f4,2f6,2f5,2f7,2f4,2f6,2f5,2f7,2f4,2f6,2f5,2f7,0
932,932,0,2f8,2fa,2f9,2fb,2f8,2fa,2f9,2fb,2f8,2fa,2f9,2fb,2f8,2fa,2f9,2fb,0
933,933,0,2fc,2fe,2fd,2ff,2fc,2fe,2fd,2ff,2fc,2fe,2fd,2ff,2fc,2fe,2fd,2ff,0
934,934,0,300,302,301,303,300,302,301,303,300,302,301,303,300,302,301,303,0
935,935,0,304,306,305,307,304,306,305,307,304,306,305,307,304,306,305,307,0
936,936,0,308,30a,309,30b,308,30a,309,30b,308,30a,309,30b,308,30a,309,30b,0
937,937,0,30c,30e,30d,30f,30c,30e,30d,30f,30c,30e,30d,30f,30c,30e,30d,30f,0
938,938,0,310,312,311,313,310,312,311,313,310,312,311,313,310,312,311,313,0
939,939,0,314,316,315,317,314,316,315,317,314,316,315,317,314,316,315,317,0
940,940,0,318,31a,319,31b,318,31a,319,31b,318,31a,319,31b,318,31a,319,31b,0
941,941,0,31c,31e,31d,31f,31c,31e,31d,31f,31c,31e,31d,31f,31c,31e,31d,31f,0
942,942,0,320,322,321,323,320,322,321,323,320,322,321,323,320,322,321,323,0
943,943,0,324,326,325,327,324,326,325,327,324,326,325,327,324,326,325,327,0
944,944,0,328,32a,329,32b,328,32a,329,32b,328,32a,329,32b,328,32a,329,32b,0
945,945,0,32c,32e,32d,32f,32c,32e,32d,32f,32c,32e,32d,32f,32c,32e,32d,32f,0
946,946,0,330,332,331,333,330,332,331,333,330,332,331,333,330,332,331,333,0
947,947,0,334,336,335,337,334,336,335,337,334,336,335,337,334,336,335,337,0
948,948,0,338,33a,339,33b,338,33a,339,33b,338,33a,339,33b,338,33a,339,33b,0
949,949,0,33c,33e,33d,33f,33c,33e,33d,33f,33c,33e,33d,33f,33c,33e,33d,33f,0
950,950,0,340,342,341,343,340,342,341,343,340,342,341,343,340,342,341,343,0
951,951,0,344,346,345,347,344,346,345,347,344,346,345,347,344,346,345,347,0
952,952,0,348,34a,349,34b,348,34a,349,34b,348,34a,349,34b,348,34a,349,34b,0
953,953,0,34c,34e,34d,34f,34c,34e,34d,34f,34c,34e,34d,34f,34c,34e,34d,34f,0
954,954,0,350,352,351,353,350,352,351,353,350,352,351,353,350,352,351,353,0
955,955,0,354,356,355,357,354,356,355,357,354,356,355,357,354,356,355,357,0
956,956,0,358,35a,359,35b,358,35a,359,35b,358,35a,359,35b,358,35a,359,35b,0
957,957,0,35c,35e,35d,35f,35c,35e,35d,35f,35c,35e,35d,35f,35c,35e,35d,35f,0
958,958,0,360,362,361,363,360,362,361,363,360,362,361,363,360,362,361,363,0
959,959,0,364,366,365,367,364,366,365,367,364,366,365,367,364,366,365,367,0
960,960,0,368,36a,369,36b,368,36a,369,36b,368,36a,369,36b,368,36a,369,36b,0
961,961,0,36c,36e,36d,36f,36c,36e,36d,36f,36c,36e,36d,36f,36c,36e,36d,36f,0
962,962,0,370,372,371,373,370,372,371,373,370,372,371,373,370,372,371,373,0
963,963,0,374,376,375,377,374,376,375,377,374,376,375,377,374,376,375,377,0
964,964,0,378,37a,379,37b,378,37a,379,37b,378,37a,379,37b,378,37a,379,37b,0
965,965,0,37c,37e,37d,37f,37c,37e,37d,37f,37c,37e,37d,37f,37c,37e,37d,37f,0
966,966,0,380,382,381,383,380,382,381,383,380,382,381,383,380,382,381,383,0
967,967,0,384,386,385,387,384,386,385,387,384,386,385,387,384,386,385,387,0
968,968,0,388,38a,389,38b,388,38a,389,38b,388,38a,389,38b,388,38a,389,38b,0
969,969,0,38c,38e,38d,38f,38c,38e,38d,38f,38c,38e,38d,38f,38c,38e,38d,38f,0
970,970,0,390,392,391,393,390,392,391,393,390,392,391,393,390,392,391,393,0
971,971,0,394,396,395,397,394,396,395,397,394,396,395,397,394,396,395,397,0
972,972,0,398,39a,399,39b,398,39a,399,39b,398,39a,399,39b,398,39a,399,39b,0
973,973,0,39c,39e,39d,39f,39c,39e,39d,39f,39c,39e,39d,39f,39c,39e,39d,39f,0
974,974,0,3a0,3a2,3a1,3a3,3a0,3a2,3a1,3a3,3a0,3a2,3a1,3a3,3a0,3a2,3a1,3a3,0
975,975,0,3a4,3a6,3a5,3a7,3a4,3a6,3a5,3a7,3a4,3a6,3a5,3a7,3a4,3a6,3a5,3a7,0
976,976,0,3a8,3aa,3a9,3ab,3a8,3aa,3a9,3ab,3a8,3aa,3a9,3ab,3a8,3aa,3a9,3ab,0
977,977,0,3ac,3ae,3ad,3af,3ac,3ae,3ad,3af,3ac,3ae,3ad,3af,3ac,3ae,3ad,3af,0
978,978,0,3b0,3b2,3b1,3b3,3b0,3b2,3b1,3b3,3b0,3b2,3b1,3b3,3b0,3b2,3b1,3b3,0
979,979,0,3b4,3b6,3b5,3b7,3b4,3b6,3b5,3b7,3b4,3b6,3b5,3b7,3b4,3b6,3b5,3b7,0
980,980,0,3b8,3ba,3b9,3bb,3b8,3ba,3b9,3bb,3b8,3ba,3b9,3bb,3b8,3ba,3b9,3bb,0
981,981,0,3bc,3be,3bd,3bf,3bc,3be,3bd,3bf,3bc,3be,3bd,3bf,3bc,3be,3bd,3bf,0
982,982,0,3c0,3c2,3c1,3c3,3c0,3c2,3c1,3c3,3c0,3c2,3c1,3c3,3c0,3c2,3c1,3c3,0
983,983,0,3c4,3c6,3c5,3c7,3c4,3c6,3c5,3c7,3c4,3c6,3c5,3c7,3c4,3c6,3c5,3c7,0
984,984,0,3c8,3ca,3c9,3cb,3c8,3ca,3c9,3cb,3c8,3ca,3c9,3cb,3c8,3ca,3c9,3cb,0
985,985,0,3cc,3ce,3cd,3cf,3cc,3ce,3cd,3cf,3cc,3ce,3cd,3cf,3cc,3ce,3cd,3cf,0
986,986,0,3d0,3d2,3d1,3d3,3d0,3d2,3d1,3d3,3d0,3d2,3d1,3d3,3d0,3d2,3d1,3d3,0
987,987,0,3d4,3d6,3d5,3d7,3d4,3d6,3d5,3d7,3d4,3d6,3d5,3d7,3d4,3d6,3d5,3d7,0
988,988,0,3d8,3da,3d9,3db,3d8,3da,3d9,3db,3d8,3da,3d9,3db,3d8,3da,3d9,3db,0
989,989,0,3dc,3de,3dd,3df,3dc,3de,3dd,3df,3dc,3de,3dd,3df,3dc,3de,3dd,3df,0
990,990,0,3e0,3e2,3e1,3e3,3e0,3e2,3e1,3e3,3e0,3e2,3e1,3e3,3e0,3e2,3e1,3e3,0
991,991,0,3e4,3e6,3e5,3e7,3e4,3e6,3e5,3e7,3e4,3e6,3e5,3e7,3e4,3e6,3e5,3e7,0
992,992,0,3e8,3ea,3e9,3eb,3e8,3ea,3e9,3eb,3e8,3ea,3e9,3eb,3e8,3ea,3e9,3eb,0
993,993,0,3ec,3ee,3ed,3ef,3ec,3ee,3ed,3ef,3ec,3ee,3ed,3ef,3ec,3ee,3ed,3ef,0
994,994,0,3f0,3f2,3f1,3f3,3f0,3f2,3f1,3f3,3f0,3f2,3f1,3f3,3f0,3f2,3f1,3f3,0
995,995,0,3f4,3f6,3f5,3f7,3f4,3f6,3f5,3f7,3f4,3f6,3f5,3f7,3f4,3f6,3f5,3f7,0
996,996,0,3f8,3fa,3f9,3fb,3f8,3fa,3f9,3fb,3f8,3fa,3f9,3fb,3f8,3fa,3f9,3fb,0
997,997,0,3fc,3fe,3fd,3ff,3fc,3fe,3fd,3ff,3fc,3fe,3fd,3ff,3fc,3fe,3fd,3ff,0
998,998,0,400,402,401,403,400,402,401,403,400,402,401,403,400,402,401,403,0
999,999,0,404,406,405,407,404,406,405,407,404,406,405,407,404,406,405,407,0
1000,1000,0,408,40a,409,40b,408,40a,409,40b,408,40a,409,40b,408,40a,409,40b,0
1001,1001,0,40c,40e,40d,40f,40c,40e,40d,40f,40c,40e,40d,40f,40c,40e,40d,40f,0
1002,1002,0,410,412,411,413,410,412,411,413,410,412,411,413,410,412,411,413,0
1003,1003,0,414,416,415,417,414,416,415,417,414,416,415,417,414,416,415,417,0
1004,1004,0,418,41a,419,41b,418,41a,419,41b,418,41a,419,41b,418,41a,419,41b,0
1005,1005,0,41c,41e,41d,41f,41c,41e,41d,41f,41c,41e,41d,41f,41c,41e,41d,41f,0
1006,1006,0,420,422,421,423,420,422,421,423,420,422,421,423,420,422,421,423,0
1007,1007,0,424,426,425,427,424,426,425,427,424,426,425,427,424,426,425,427,0
1008,1008,0,428,42a,429,42b,428,42a,429,42b,428,42a,429,42b,428,42a,429,42b,0
1009,1009,0,42c,42e,42d,42f,42c,42e,42d,42f,42c,42e,42d,42f,42c,42e,42d,42f,0
1010,1010,0,430,432,431,433,430,432,431,433,430,432,431,433,430,432,431,433,0
1011,1011,0,434,436,435,437,434,436,435,437,434,436,435,437,434,436,435,437,0
1012,1012,0,438,43a,439,43b,438,43a,439,43b,438,43a,439,43b,438,43a,439,43b,0
1013,1013,0,43c,43e,43d,43f,43c,43e,43d,43f,43c,43e,43d,43f,43c,43e,43d,43f,0
1014,1014,0,440,442,441,443,440,442,441,443,440,442,441,443,440,442,441,443,0
1015,1015,0,444,446,445,447,444,446,445,447,444,446,445,447,444,446,445,447,0
1016,1016,0,448,44a,449,44b,448,44a,449,44b,448,44a,449,44b,448,44a,449,44b,0
1017,1017,0,44c,44e,44d,44f,44c,44e,44d,44f,44c,44e,44d,44f,44c,44e,44d,44f,0
1018,1018,0,450,452,451,453,450,452,451,453,450,452,451,453,450,452,451,453,0
1019,1019,0,454,456,455,457,454,456,455,457,454,456,455,457,454,456,455,457,0
1020,1020,0,458,45a,459,45b,458,45a,459,45b,458,45a,459,45b,458,45a,459,45b,0
1021,1021,0,45c,45e,45d,45f,45c,45e,45d,45f,45c,45e,45d,45f,45c,45e,45d,45f,0
1022,1022,0,460,462,461,463,460,462,461,463,460,462,461,463,460,462,461,463,0
1023,1023,0,464,466,465,467,464,466,465,467,464,466,465,467,464,466,465,467,0
